,date,open,close,high,low,volume,money
0,2014/2/26,1.3159999999999998,1.3230000000000002,1.329,1.3130000000000002,421135096,556118672
1,2014/2/27,1.327,1.334,1.3419999999999999,1.317,495890188,659686352
2,2014/2/28,1.3319999999999999,1.3430000000000002,1.3459999999999999,1.3159999999999998,504871646,673275168
3,2014/3/3,1.34,1.34,1.3459999999999999,1.3330000000000002,347927603,465945872
4,2014/3/4,1.335,1.341,1.3459999999999999,1.33,361850850,483428800
5,2014/3/5,1.344,1.327,1.3459999999999999,1.327,277088656,370335360
6,2014/3/6,1.3259999999999998,1.338,1.345,1.318,459038802,611837840
7,2014/3/7,1.337,1.335,1.351,1.3319999999999999,347782536,466433920
8,2014/3/10,1.3259999999999998,1.294,1.327,1.2919999999999998,470938898,616112800
9,2014/3/11,1.294,1.296,1.306,1.2890000000000001,471274764,610474048
10,2014/3/12,1.2930000000000001,1.3,1.3119999999999998,1.2890000000000001,456176169,592367408
11,2014/3/13,1.31,1.318,1.3319999999999999,1.3030000000000002,498070592,657509008
12,2014/3/14,1.3130000000000002,1.307,1.32,1.301,213484382,279892112
13,2014/3/17,1.317,1.318,1.321,1.307,273040354,358695184
14,2014/3/18,1.318,1.31,1.321,1.3090000000000002,267132688,351460192
15,2014/3/19,1.308,1.304,1.308,1.2919999999999998,361084815,468540352
16,2014/3/20,1.298,1.294,1.318,1.2930000000000001,412851273,539393664
17,2014/3/21,1.2919999999999998,1.345,1.349,1.2890000000000001,898144928,1186299472
18,2014/3/24,1.347,1.357,1.365,1.3419999999999999,697581782,943671728
19,2014/3/25,1.351,1.3459999999999999,1.3619999999999999,1.345,417102094,564014656
20,2014/3/26,1.3530000000000002,1.345,1.357,1.3419999999999999,351840050,474356432
21,2014/3/27,1.3419999999999999,1.3459999999999999,1.365,1.3330000000000002,594089341,800135232
22,2014/3/28,1.3459999999999999,1.3519999999999999,1.361,1.344,613934696,830738896
23,2014/3/31,1.3559999999999999,1.3459999999999999,1.357,1.3359999999999999,396493838,533626240
24,2014/4/1,1.3459999999999999,1.35,1.359,1.341,485293394,655237312
25,2014/4/2,1.3519999999999999,1.368,1.37,1.351,673635271,916803216
26,2014/4/3,1.374,1.3559999999999999,1.38,1.3559999999999999,606450193,830863328
27,2014/4/4,1.354,1.368,1.369,1.347,534320002,725784720
28,2014/4/8,1.365,1.4080000000000001,1.415,1.365,939801601,1309810544
29,2014/4/9,1.41,1.4040000000000001,1.412,1.401,434699672,610611888
30,2014/4/10,1.405,1.44,1.4569999999999999,1.396,953509903,1356536672
31,2014/4/11,1.44,1.435,1.445,1.425,635457848,912991744
32,2014/4/14,1.4340000000000002,1.426,1.4380000000000002,1.42,438635691,625536384
33,2014/4/15,1.423,1.399,1.423,1.3940000000000001,545518649,767333216
34,2014/4/16,1.393,1.399,1.41,1.39,470989732,659239120
35,2014/4/17,1.405,1.393,1.406,1.391,356786522,498746624
36,2014/4/18,1.3880000000000001,1.392,1.3980000000000001,1.3780000000000001,510036788,707667120
37,2014/4/21,1.382,1.369,1.4,1.368,490099673,680012160
38,2014/4/22,1.368,1.383,1.386,1.365,529618888,727546736
39,2014/4/23,1.379,1.383,1.391,1.3769999999999998,421593136,583011472
40,2014/4/24,1.382,1.3869999999999998,1.3980000000000001,1.379,395309403,548805760
41,2014/4/25,1.391,1.379,1.396,1.3780000000000001,432241234,598938144
42,2014/4/28,1.3769999999999998,1.3630000000000002,1.38,1.36,410036096,560263600
43,2014/4/29,1.3630000000000002,1.3719999999999999,1.374,1.357,517504265,705858304
44,2014/4/30,1.371,1.371,1.374,1.367,307597055,421572320
45,2014/5/5,1.369,1.3630000000000002,1.369,1.3519999999999999,348555378,473297616
46,2014/5/6,1.359,1.361,1.374,1.358,384430257,524334560
47,2014/5/7,1.358,1.354,1.361,1.3519999999999999,343444864,465920512
48,2014/5/8,1.3519999999999999,1.357,1.375,1.35,571399041,777157296
49,2014/5/9,1.359,1.357,1.361,1.3519999999999999,447423356,607111072
50,2014/5/12,1.367,1.381,1.385,1.358,687721063,946718016
51,2014/5/13,1.38,1.375,1.383,1.374,313972571,432975904
52,2014/5/14,1.376,1.3769999999999998,1.3840000000000001,1.374,265265574,365636752
53,2014/5/15,1.376,1.364,1.3769999999999998,1.364,345227584,473077952
54,2014/5/16,1.364,1.361,1.369,1.358,314504982,428767344
55,2014/5/19,1.357,1.339,1.357,1.334,439765585,590299024
56,2014/5/20,1.344,1.337,1.3459999999999999,1.335,285625056,382780304
57,2014/5/21,1.335,1.35,1.3519999999999999,1.3259999999999998,413910053,555447952
58,2014/5/22,1.349,1.347,1.369,1.3459999999999999,499678302,678957008
59,2014/5/23,1.348,1.36,1.3619999999999999,1.348,399919121,541601184
60,2014/5/26,1.3659999999999999,1.3619999999999999,1.374,1.357,381838155,520775456
61,2014/5/27,1.3630000000000002,1.358,1.3659999999999999,1.357,329090073,448050544
62,2014/5/28,1.358,1.368,1.369,1.351,398371052,541819248
63,2014/5/29,1.369,1.3619999999999999,1.3719999999999999,1.361,392974497,537162816
64,2014/5/30,1.361,1.357,1.365,1.355,322570395,438839632
65,2014/6/3,1.358,1.354,1.368,1.354,298400756,406050608
66,2014/6/4,1.354,1.3459999999999999,1.355,1.34,288358747,388100672
67,2014/6/5,1.345,1.361,1.3619999999999999,1.3419999999999999,300999056,406731056
68,2014/6/6,1.361,1.35,1.361,1.3430000000000002,311658120,420938432
69,2014/6/9,1.345,1.3530000000000002,1.368,1.3430000000000002,472622267,640940688
70,2014/6/10,1.357,1.369,1.369,1.3519999999999999,504842713,687507120
71,2014/6/11,1.364,1.364,1.368,1.36,353453331,482076240
72,2014/6/12,1.3630000000000002,1.361,1.367,1.36,286141563,390038080
73,2014/6/13,1.36,1.379,1.3840000000000001,1.359,537974731,739155552
74,2014/6/16,1.379,1.393,1.3969999999999998,1.3769999999999998,675501535,937392720
75,2014/6/17,1.39,1.38,1.39,1.38,468722354,648380160
76,2014/6/18,1.38,1.375,1.383,1.374,424202926,584816176
77,2014/6/19,1.375,1.358,1.38,1.355,494045145,676476064
78,2014/6/20,1.359,1.365,1.367,1.358,424532821,578381808
79,2014/6/23,1.3659999999999999,1.36,1.3719999999999999,1.359,345648509,472085136
80,2014/6/24,1.36,1.369,1.369,1.359,288172636,393413904
81,2014/6/25,1.369,1.3619999999999999,1.369,1.36,249979027,340687504
82,2014/6/26,1.364,1.369,1.371,1.3630000000000002,323755422,443111120
83,2014/6/27,1.369,1.3659999999999999,1.374,1.3630000000000002,326894157,446640816
84,2014/6/30,1.367,1.376,1.379,1.367,466510440,641354720
85,2014/7/1,1.382,1.3719999999999999,1.383,1.369,315317480,433503104
86,2014/7/2,1.374,1.38,1.38,1.37,431197722,592987632
87,2014/7/3,1.379,1.383,1.3869999999999998,1.376,456972390,631036720
88,2014/7/4,1.382,1.3880000000000001,1.39,1.382,382266548,530058208
89,2014/7/7,1.3880000000000001,1.389,1.391,1.3840000000000001,298002427,413531280
90,2014/7/8,1.3880000000000001,1.386,1.389,1.38,310784343,430253712
91,2014/7/9,1.386,1.371,1.3869999999999998,1.371,413062145,570291712
92,2014/7/10,1.371,1.37,1.375,1.367,277840447,381045616
93,2014/7/11,1.369,1.3769999999999998,1.381,1.369,264212657,363416416
94,2014/7/14,1.3780000000000001,1.389,1.39,1.375,294581776,407423824
95,2014/7/15,1.389,1.391,1.393,1.386,261768208,363735424
96,2014/7/16,1.391,1.39,1.3969999999999998,1.389,321934211,448318832
97,2014/7/17,1.3880000000000001,1.385,1.391,1.382,254829562,352947712
98,2014/7/18,1.3840000000000001,1.393,1.399,1.382,355125976,494497728
99,2014/7/21,1.393,1.392,1.3980000000000001,1.39,230049517,320497968
100,2014/7/22,1.39,1.409,1.413,1.389,460526619,646246320
101,2014/7/23,1.409,1.42,1.425,1.4080000000000001,499398370,708467584
102,2014/7/24,1.42,1.452,1.456,1.42,823242020,1187737168
103,2014/7/25,1.455,1.4669999999999999,1.4669999999999999,1.449,615468628,896889296
104,2014/7/28,1.472,1.514,1.5219999999999998,1.472,1093549982,1644656352
105,2014/7/29,1.515,1.516,1.524,1.508,573237956,868532496
106,2014/7/30,1.514,1.5090000000000001,1.527,1.508,500658290,760144448
107,2014/7/31,1.5090000000000001,1.531,1.5319999999999998,1.506,499306714,756910720
108,2014/8/1,1.526,1.516,1.546,1.515,899033433,1376906832
109,2014/8/4,1.5219999999999998,1.5490000000000002,1.55,1.517,798606663,1224977632
110,2014/8/5,1.55,1.537,1.55,1.528,656089640,1009803216
111,2014/8/6,1.527,1.524,1.534,1.51,667096025,1014909744
112,2014/8/7,1.525,1.501,1.528,1.499,604097878,914419264
113,2014/8/8,1.504,1.505,1.51,1.496,397104553,597020880
114,2014/8/11,1.511,1.525,1.5290000000000001,1.507,537624485,817287840
115,2014/8/12,1.5219999999999998,1.514,1.5219999999999998,1.5090000000000001,345411611,523292368
116,2014/8/13,1.516,1.517,1.527,1.505,412272852,624291216
117,2014/8/14,1.518,1.505,1.521,1.505,390078943,590529456
118,2014/8/15,1.505,1.5190000000000001,1.524,1.5030000000000001,561978308,851650032
119,2014/8/18,1.521,1.52,1.5290000000000001,1.515,500023186,760250736
120,2014/8/19,1.5219999999999998,1.516,1.525,1.508,421006620,637887120
121,2014/8/20,1.5130000000000001,1.5119999999999998,1.515,1.507,361685485,546176208
122,2014/8/21,1.507,1.4969999999999999,1.511,1.489,442612463,662173664
123,2014/8/22,1.495,1.5030000000000001,1.508,1.493,394111946,591519680
124,2014/8/25,1.505,1.489,1.506,1.4869999999999999,451234363,673615040
125,2014/8/26,1.4869999999999999,1.486,1.494,1.482,485730996,723552880
126,2014/8/27,1.486,1.484,1.49,1.482,347138345,515749664
127,2014/8/28,1.485,1.482,1.4909999999999999,1.479,484684385,719665968
128,2014/8/29,1.482,1.492,1.493,1.48,508746630,754963200
129,2014/9/1,1.4909999999999999,1.494,1.496,1.485,629332999,938172880
130,2014/9/2,1.4969999999999999,1.516,1.518,1.49,758062685,1136437200
131,2014/9/3,1.521,1.5319999999999998,1.536,1.518,725780229,1109440816
132,2014/9/4,1.534,1.5430000000000001,1.545,1.528,600252228,920845920
133,2014/9/5,1.5490000000000002,1.5619999999999998,1.564,1.546,614844039,955187808
134,2014/9/9,1.5619999999999998,1.5490000000000002,1.564,1.548,527255432,819472816
135,2014/9/10,1.5430000000000001,1.536,1.5430000000000001,1.5319999999999998,531203515,816176288
136,2014/9/11,1.536,1.531,1.555,1.526,630335165,969842816
137,2014/9/12,1.527,1.5390000000000001,1.54,1.5230000000000001,415065555,634937120
138,2014/9/15,1.528,1.534,1.537,1.5219999999999998,426680566,652433728
139,2014/9/16,1.535,1.511,1.537,1.5090000000000001,573395209,875710368
140,2014/9/17,1.517,1.515,1.52,1.507,564911273,855103920
141,2014/9/18,1.5130000000000001,1.518,1.526,1.507,525892993,796889296
142,2014/9/19,1.518,1.53,1.5319999999999998,1.515,429426265,654196288
143,2014/9/22,1.5230000000000001,1.496,1.5230000000000001,1.492,455459662,686332784
144,2014/9/23,1.496,1.507,1.508,1.495,675676196,1014907312
145,2014/9/24,1.501,1.537,1.538,1.496,696939436,1057707680
146,2014/9/25,1.544,1.527,1.546,1.526,543267218,835049008
147,2014/9/26,1.525,1.528,1.5290000000000001,1.516,387781431,590665040
148,2014/9/29,1.53,1.5319999999999998,1.535,1.5219999999999998,711220728,1086999088
149,2014/9/30,1.5319999999999998,1.531,1.5330000000000001,1.526,317639765,485736864
150,2014/10/8,1.5330000000000001,1.54,1.54,1.526,421676750,646442880
151,2014/10/9,1.541,1.541,1.546,1.534,403228600,621396384
152,2014/10/10,1.5319999999999998,1.5290000000000001,1.5390000000000001,1.527,385521208,590741296
153,2014/10/13,1.526,1.5190000000000001,1.526,1.508,418017025,633072480
154,2014/10/14,1.515,1.51,1.526,1.506,377086643,571711584
155,2014/10/15,1.511,1.526,1.527,1.505,412950921,625570176
156,2014/10/16,1.517,1.521,1.538,1.5130000000000001,482440213,735196304
157,2014/10/17,1.5219999999999998,1.516,1.527,1.506,528672796,801101408
158,2014/10/20,1.5219999999999998,1.521,1.525,1.516,360087088,547681584
159,2014/10/21,1.521,1.5130000000000001,1.525,1.5119999999999998,378963544,575764656
160,2014/10/22,1.5130000000000001,1.511,1.524,1.5090000000000001,440292354,667033968
161,2014/10/23,1.51,1.5,1.516,1.499,459120884,692609312
162,2014/10/24,1.501,1.4969999999999999,1.505,1.495,398317695,597688928
163,2014/10/27,1.4880000000000002,1.474,1.4880000000000002,1.472,475329911,702577520
164,2014/10/28,1.4769999999999999,1.4969999999999999,1.499,1.476,490981789,728946912
165,2014/10/29,1.504,1.517,1.527,1.499,466610087,704426480
166,2014/10/30,1.517,1.528,1.535,1.5130000000000001,400152536,608861984
167,2014/10/31,1.534,1.567,1.5759999999999998,1.534,726129012,1127396112
168,2014/11/3,1.568,1.558,1.5719999999999998,1.556,523435964,818387952
169,2014/11/4,1.554,1.5530000000000002,1.5590000000000002,1.55,474084527,736729312
170,2014/11/5,1.554,1.5490000000000002,1.556,1.5430000000000001,452718054,701602464
171,2014/11/6,1.55,1.546,1.556,1.5390000000000001,510028328,788492704
172,2014/11/7,1.546,1.55,1.577,1.5430000000000001,634371824,987851872
173,2014/11/10,1.5759999999999998,1.595,1.5959999999999999,1.5659999999999998,619079470,978286176
174,2014/11/11,1.6059999999999999,1.615,1.643,1.6,924535603,1499466512
175,2014/11/12,1.607,1.632,1.6340000000000001,1.6019999999999999,558611920,901242672
176,2014/11/13,1.636,1.631,1.653,1.625,633140541,1037487280
177,2014/11/14,1.6269999999999998,1.63,1.631,1.614,530711806,861075840
178,2014/11/17,1.661,1.61,1.665,1.609,454342859,741400528
179,2014/11/18,1.6119999999999999,1.5859999999999999,1.615,1.5830000000000002,406808130,649572160
180,2014/11/19,1.585,1.578,1.588,1.5730000000000002,453626163,717363440
181,2014/11/20,1.5730000000000002,1.581,1.588,1.568,476914453,752844432
182,2014/11/21,1.5819999999999999,1.62,1.6230000000000002,1.5759999999999998,630736541,1006041712
183,2014/11/24,1.6280000000000001,1.6569999999999998,1.6769999999999998,1.6269999999999998,811488798,1337764384
184,2014/11/25,1.655,1.671,1.6769999999999998,1.652,804154859,1337877904
185,2014/11/26,1.6780000000000002,1.71,1.71,1.6780000000000002,669473888,1135315904
186,2014/11/27,1.722,1.743,1.744,1.719,760840908,1316706944
187,2014/11/28,1.743,1.801,1.807,1.736,949841104,1678863744
188,2014/12/1,1.821,1.807,1.849,1.804,1040840543,1897567808
189,2014/12/2,1.796,1.905,1.9240000000000002,1.795,1264520062,2339197216
190,2014/12/3,1.9180000000000001,1.915,1.986,1.8840000000000001,1297963618,2516713024
191,2014/12/4,1.926,2.052,2.053,1.912,1179561262,2340159552
192,2014/12/5,2.0780000000000003,2.068,2.126,1.993,1701718940,3518247248
193,2014/12/8,2.049,2.178,2.194,2.0180000000000002,1291273432,2730774080
194,2014/12/9,2.148,2.043,2.261,2.011,1688463763,3662076048
195,2014/12/10,2.059,2.109,2.116,1.979,1695006824,3473689472
196,2014/12/11,2.088,2.055,2.119,2.049,1309007147,2728103712
197,2014/12/12,2.055,2.055,2.104,2.035,998360617,2065211584
198,2014/12/15,2.051,2.057,2.0669999999999997,2.001,1003941997,2036777872
199,2014/12/16,2.061,2.148,2.15,2.051,1411235172,2962819680
200,2014/12/17,2.166,2.219,2.231,2.148,1433883666,3136905584
201,2014/12/18,2.221,2.202,2.249,2.186,1183473489,2623212416
202,2014/12/19,2.205,2.23,2.2430000000000003,2.15,1383433470,3047012384
203,2014/12/22,2.2319999999999998,2.265,2.314,2.218,1497737999,3403547600
204,2014/12/23,2.24,2.2159999999999997,2.298,2.195,1094601596,2463252528
205,2014/12/24,2.219,2.125,2.226,2.099,1307587838,2813668688
206,2014/12/25,2.148,2.208,2.209,2.121,1143630750,2483992720
207,2014/12/26,2.209,2.31,2.312,2.205,1460986220,3304446496
208,2014/12/29,2.364,2.316,2.387,2.279,1590095934,3719270144
209,2014/12/30,2.316,2.347,2.374,2.298,1968309327,4596432128
210,2014/12/31,2.354,2.404,2.4130000000000003,2.3369999999999997,1824026321,4331522048
211,2015/1/5,2.43,2.47,2.501,2.407,1694945077,4140996832
212,2015/1/6,2.449,2.441,2.497,2.412,1652177782,4048279328
213,2015/1/7,2.425,2.438,2.47,2.4090000000000003,943621015,2301888512
214,2015/1/8,2.448,2.372,2.458,2.364,842618360,2018320288
215,2015/1/9,2.364,2.377,2.49,2.351,1227465881,2961835024
216,2015/1/12,2.405,2.355,2.407,2.315,1608073888,3794552992
217,2015/1/13,2.355,2.3409999999999997,2.377,2.327,906465253,2131201104
218,2015/1/14,2.35,2.349,2.383,2.323,1282189312,3022368208
219,2015/1/15,2.349,2.436,2.44,2.331,2059905772,4908509184
220,2015/1/16,2.447,2.4530000000000003,2.481,2.431,1797658673,4415809792
221,2015/1/19,2.289,2.208,2.322,2.208,1911471872,4334764288
222,2015/1/20,2.205,2.224,2.261,2.181,1951498529,4339336704
223,2015/1/21,2.247,2.358,2.371,2.234,1745721542,4013711056
224,2015/1/22,2.364,2.354,2.369,2.319,1755078371,4124867568
225,2015/1/23,2.3680000000000003,2.377,2.42,2.354,2066858932,4924803584
226,2015/1/26,2.384,2.373,2.384,2.3409999999999997,1164236838,2749236448
227,2015/1/27,2.3819999999999997,2.334,2.385,2.294,1474025086,3445722752
228,2015/1/28,2.31,2.3,2.3480000000000003,2.294,1504364790,3479909088
229,2015/1/29,2.263,2.261,2.281,2.241,1040227638,2355012992
230,2015/1/30,2.275,2.229,2.292,2.221,1214026158,2735094416
231,2015/2/2,2.167,2.165,2.206,2.16,1248930217,2719672272
232,2015/2/3,2.194,2.229,2.24,2.166,1312150461,2883248272
233,2015/2/4,2.237,2.198,2.2640000000000002,2.1959999999999997,1320874798,2951498256
234,2015/2/5,2.279,2.181,2.285,2.1790000000000003,1645037120,3685168672
235,2015/2/6,2.177,2.158,2.197,2.138,1553644247,3379291184
236,2015/2/9,2.158,2.1959999999999997,2.222,2.148,1740383227,3805047008
237,2015/2/10,2.1959999999999997,2.231,2.2359999999999998,2.186,1491613801,3307644640
238,2015/2/11,2.233,2.242,2.249,2.222,1008423304,2254381264
239,2015/2/12,2.241,2.245,2.252,2.214,773082679,1727233984
240,2015/2/13,2.251,2.251,2.2880000000000003,2.244,1139194221,2579400224
241,2015/2/16,2.251,2.255,2.263,2.241,696649180,1568280912
242,2015/2/17,2.262,2.271,2.2880000000000003,2.262,750943402,1708546544
243,2015/2/25,2.271,2.2319999999999998,2.271,2.222,659749989,1482105888
244,2015/2/26,2.23,2.3080000000000003,2.31,2.2119999999999997,1356746382,3073475088
245,2015/2/27,2.305,2.296,2.322,2.287,918258076,2118466992
246,2015/3/2,2.313,2.299,2.3169999999999997,2.283,1192763457,2743186288
247,2015/3/3,2.286,2.227,2.286,2.2230000000000003,1157808081,2608596592
248,2015/3/4,2.23,2.225,2.2430000000000003,2.206,1144135211,2546663824
249,2015/3/5,2.209,2.198,2.214,2.178,1240697328,2726749712
250,2015/3/6,2.199,2.2030000000000003,2.224,2.197,1351837973,2988489872
251,2015/3/9,2.166,2.258,2.27,2.156,1716204686,3779924704
252,2015/3/10,2.2430000000000003,2.222,2.25,2.218,1210679391,2701126640
253,2015/3/11,2.226,2.2359999999999998,2.27,2.225,1142962535,2568748640
254,2015/3/12,2.2640000000000002,2.306,2.3280000000000003,2.249,1625655944,3717288864
255,2015/3/13,2.315,2.312,2.35,2.298,1295775480,3013068272
256,2015/3/16,2.3280000000000003,2.364,2.367,2.309,1231342776,2884278432
257,2015/3/17,2.39,2.395,2.401,2.373,1062163530,2534648608
258,2015/3/18,2.4019999999999997,2.459,2.4619999999999997,2.4019999999999997,1211027165,2938701584
259,2015/3/19,2.4530000000000003,2.437,2.458,2.425,1348295501,3289417264
260,2015/3/20,2.448,2.4819999999999998,2.513,2.426,1268285641,3128225584
261,2015/3/23,2.502,2.521,2.5269999999999997,2.4930000000000003,1077901739,2705820544
262,2015/3/24,2.521,2.485,2.522,2.456,1268280205,3160538976
263,2015/3/25,2.477,2.4530000000000003,2.495,2.432,1036818581,2553955584
264,2015/3/26,2.44,2.489,2.5180000000000002,2.427,1149827398,2851644192
265,2015/3/27,2.496,2.495,2.5180000000000002,2.469,739546323,1843611296
266,2015/3/30,2.519,2.5810000000000004,2.592,2.506,1286249869,3280914080
267,2015/3/31,2.6210000000000004,2.55,2.6510000000000002,2.543,1222915829,3181426128
268,2015/4/1,2.555,2.593,2.6060000000000003,2.553,992026036,2557621776
269,2015/4/2,2.6180000000000003,2.58,2.622,2.5469999999999997,814961081,2104261408
270,2015/4/3,2.568,2.612,2.615,2.5660000000000003,993598109,2574088448
271,2015/4/7,2.636,2.677,2.682,2.6260000000000003,1094038309,2897496080
272,2015/4/8,2.6889999999999996,2.73,2.742,2.6660000000000004,1828271815,4946304768
273,2015/4/9,2.742,2.71,2.805,2.7,1718102381,4707144192
274,2015/4/10,2.7110000000000003,2.765,2.7769999999999997,2.7,1063129305,2907097456
275,2015/4/13,2.8160000000000003,2.8169999999999997,2.8339999999999996,2.793,1248227008,3508368880
276,2015/4/14,2.8169999999999997,2.825,2.8480000000000003,2.7939999999999996,1424555019,4013977296
277,2015/4/15,2.825,2.8360000000000003,2.8989999999999996,2.813,1595984643,4551657984
278,2015/4/16,2.847,2.9619999999999997,2.964,2.8089999999999997,3685227752,10678394368
279,2015/4/17,3.052,3.0,3.057,2.9739999999999998,3290383691,9916762112
280,2015/4/20,3.017,2.923,3.0439999999999996,2.91,3327039749,9929961216
281,2015/4/21,2.929,2.9589999999999996,2.967,2.9,1629422610,4781424896
282,2015/4/22,2.987,3.053,3.0589999999999997,2.964,3872109033,11666600704
283,2015/4/23,3.0610000000000004,3.025,3.0669999999999997,3.0,2008731931,6102634240
284,2015/4/24,2.988,2.987,3.0069999999999997,2.923,2037071916,6048339712
285,2015/4/27,3.017,3.0660000000000003,3.071,3.009,1940210965,5900278016
286,2015/4/28,3.0610000000000004,3.04,3.115,3.013,2503580936,7649837312
287,2015/4/29,3.033,3.033,3.057,3.002,1684050676,5104603648
288,2015/4/30,3.0469999999999997,3.012,3.06,3.01,1019807863,3095434336
289,2015/5/4,3.014,3.0239999999999996,3.03,2.967,1239307491,3722000656
290,2015/5/5,3.023,2.9160000000000004,3.0239999999999996,2.904,1603896733,4757789696
291,2015/5/6,2.929,2.904,3.003,2.8760000000000003,1870597772,5508695040
292,2015/5/7,2.9010000000000002,2.8680000000000003,2.91,2.863,1629336894,4706121216
293,2015/5/8,2.8930000000000002,2.878,2.8989999999999996,2.8169999999999997,1531645808,4388655360
294,2015/5/11,2.878,2.929,2.935,2.845,1459273971,4214210592
295,2015/5/12,2.923,2.947,2.96,2.9,1552140223,4551027456
296,2015/5/13,2.947,2.905,2.9530000000000003,2.889,1339639162,3912635584
297,2015/5/14,2.898,2.8939999999999997,2.9189999999999996,2.878,1411483028,4091686400
298,2015/5/15,2.8939999999999997,2.8310000000000004,2.8939999999999997,2.821,1950920089,5569371136
299,2015/5/18,2.807,2.775,2.825,2.7739999999999996,1411115414,3952731392
300,2015/5/19,2.775,2.888,2.8939999999999997,2.7689999999999997,1851451831,5289664256
301,2015/5/20,2.905,2.888,2.945,2.8739999999999997,2587006394,7524532224
302,2015/5/21,2.91,2.924,2.9330000000000003,2.887,1128147549,3283826592
303,2015/5/22,2.957,3.013,3.015,2.937,2520054850,7531592448
304,2015/5/25,3.049,3.111,3.114,3.029,2474231130,7608363264
305,2015/5/26,3.135,3.127,3.153,3.072,1993166768,6206152448
306,2015/5/27,3.14,3.094,3.156,3.076,2021282151,6288459520
307,2015/5/28,3.094,2.9,3.108,2.873,2405168076,7262607872
308,2015/5/29,2.9019999999999997,2.888,2.9330000000000003,2.822,1983225487,5724873728
309,2015/6/1,2.888,3.012,3.0239999999999996,2.855,1507232575,4452008192
310,2015/6/2,3.008,3.023,3.032,2.966,1310683096,3932798736
311,2015/6/3,3.0189999999999997,3.0060000000000002,3.0260000000000002,2.964,1061889667,3184008976
312,2015/6/4,3.0060000000000002,3.07,3.0869999999999997,2.873,2233621446,6723987968
313,2015/6/5,3.1460000000000004,3.065,3.155,3.003,1982027534,6086799104
314,2015/6/8,3.089,3.228,3.248,3.0669999999999997,3446098293,10965104640
315,2015/6/9,3.258,3.1660000000000004,3.264,3.133,3516251654,11222739712
316,2015/6/10,3.123,3.127,3.179,3.1,1852545195,5814783488
317,2015/6/11,3.14,3.108,3.1510000000000002,3.08,2353846331,7319816192
318,2015/6/12,3.13,3.1210000000000004,3.1439999999999997,3.08,1831739664,5707139072
319,2015/6/15,3.14,3.029,3.154,3.0239999999999996,3017316237,9284478464
320,2015/6/16,3.013,2.965,3.051,2.93,2654842821,7958841344
321,2015/6/17,2.9760000000000004,2.991,3.005,2.9330000000000003,2600688164,7713551616
322,2015/6/18,2.9739999999999998,2.865,2.9739999999999998,2.8539999999999996,1649607014,4819730176
323,2015/6/19,2.8489999999999998,2.707,2.863,2.699,2253120410,6334686720
324,2015/6/23,2.725,2.803,2.815,2.637,2732466900,7495834368
325,2015/6/24,2.8160000000000003,2.843,2.8539999999999996,2.75,2409675118,6764107008
326,2015/6/25,2.8710000000000004,2.7489999999999997,2.8819999999999997,2.737,2378023751,6728059136
327,2015/6/26,2.694,2.53,2.761,2.4819999999999998,4344405842,11540757248
328,2015/6/29,2.611,2.505,2.636,2.3369999999999997,8215240039,20741587456
329,2015/6/30,2.505,2.685,2.6889999999999996,2.45,7221960096,18574139136
330,2015/7/1,2.647,2.57,2.6839999999999997,2.533,4706870867,12356215552
331,2015/7/2,2.628,2.528,2.6310000000000002,2.43,6227086914,15877853440
332,2015/7/3,2.503,2.4290000000000003,2.57,2.355,4740281044,11699912448
333,2015/7/6,2.6719999999999997,2.583,2.6719999999999997,2.4819999999999998,9711039744,24908825856
334,2015/7/7,2.526,2.628,2.656,2.456,7060304806,18190024192
335,2015/7/8,2.449,2.4530000000000003,2.597,2.365,7490162338,18480241920
336,2015/7/9,2.3819999999999997,2.63,2.69,2.333,4133602319,10445628416
337,2015/7/10,2.577,2.736,2.835,2.553,4408718533,12076073472
338,2015/7/13,2.675,2.696,2.778,2.633,3102139414,8381586688
339,2015/7/14,2.642,2.602,2.674,2.5580000000000003,2353477833,6165300224
340,2015/7/15,2.572,2.589,2.616,2.51,3145725988,8041892864
341,2015/7/16,2.59,2.5810000000000004,2.617,2.543,2474349936,6387342848
342,2015/7/17,2.596,2.64,2.67,2.5639999999999996,1901729882,4969883392
343,2015/7/20,2.6319999999999997,2.616,2.6489999999999996,2.5980000000000003,1453488017,3810863968
344,2015/7/21,2.572,2.6069999999999998,2.637,2.572,1084323735,2832321264
345,2015/7/22,2.595,2.5780000000000003,2.609,2.562,906852912,2344990016
346,2015/7/23,2.5780000000000003,2.6319999999999997,2.634,2.5780000000000003,1420491251,3711181744
347,2015/7/24,2.6289999999999996,2.5860000000000003,2.642,2.575,1159459500,3037606416
348,2015/7/27,2.563,2.349,2.5639999999999996,2.345,1464514899,3624819088
349,2015/7/28,2.302,2.34,2.384,2.266,2773310594,6459579648
350,2015/7/29,2.355,2.387,2.392,2.319,1160466400,2719347680
351,2015/7/30,2.377,2.326,2.4,2.3169999999999997,964714967,2294806432
352,2015/7/31,2.3169999999999997,2.319,2.351,2.294,983894169,2281135136
353,2015/8/3,2.298,2.334,2.335,2.279,772905981,1781101520
354,2015/8/4,2.343,2.392,2.394,2.324,731747842,1723714496
355,2015/8/5,2.3819999999999997,2.346,2.388,2.344,687385083,1627673792
356,2015/8/6,2.323,2.327,2.362,2.309,695173203,1625257440
357,2015/8/7,2.347,2.359,2.375,2.336,745817101,1758489472
358,2015/8/10,2.375,2.464,2.477,2.369,746708457,1803581792
359,2015/8/11,2.4659999999999997,2.44,2.467,2.427,486276242,1191425312
360,2015/8/12,2.419,2.415,2.449,2.407,581635956,1411700160
361,2015/8/13,2.412,2.426,2.435,2.376,701917458,1689236000
362,2015/8/14,2.435,2.425,2.44,2.415,596136089,1448097648
363,2015/8/17,2.411,2.4,2.412,2.377,513550636,1229187952
364,2015/8/18,2.4019999999999997,2.27,2.4219999999999997,2.251,910727717,2156176944
365,2015/8/19,2.258,2.286,2.298,2.193,1540866589,3462093040
366,2015/8/20,2.262,2.224,2.279,2.2230000000000003,744451776,1677434304
367,2015/8/21,2.197,2.142,2.225,2.135,1083477939,2370702080
368,2015/8/24,2.0869999999999997,1.9280000000000002,2.0869999999999997,1.9280000000000002,1081402492,2138469984
369,2015/8/25,1.829,1.776,1.931,1.76,2084829224,3904806000
370,2015/8/26,1.8259999999999998,1.8330000000000002,1.916,1.77,2616282494,4829053952
371,2015/8/27,1.882,1.9869999999999999,1.9969999999999999,1.848,1810618855,3426767776
372,2015/8/28,2.016,2.042,2.048,1.975,1898678569,3812939792
373,2015/8/31,2.013,2.081,2.084,1.955,1330934496,2662268528
374,2015/9/1,2.0269999999999997,2.099,2.114,1.9809999999999999,1897001313,3895544896
375,2015/9/2,2.02,2.106,2.116,2.0180000000000002,1884672994,3908512704
376,2015/9/7,2.0869999999999997,2.016,2.124,2.009,745091419,1542217024
377,2015/9/8,1.9969999999999999,2.051,2.061,1.964,937108394,1884800336
378,2015/9/9,2.069,2.081,2.099,2.051,825444653,1715405312
379,2015/9/10,2.055,2.0780000000000003,2.09,2.051,677751656,1404976320
380,2015/9/11,2.077,2.066,2.0909999999999997,2.057,446860317,927380688
381,2015/9/14,2.082,2.094,2.096,1.999,921833639,1892711424
382,2015/9/15,2.053,2.041,2.062,2.021,787880525,1609690848
383,2015/9/16,2.043,2.112,2.1519999999999997,2.0180000000000002,662441739,1366898000
384,2015/9/17,2.093,2.07,2.128,2.068,768077325,1616968144
385,2015/9/18,2.082,2.07,2.096,2.064,529187314,1101089968
386,2015/9/21,2.063,2.083,2.092,2.051,324247936,672295120
387,2015/9/22,2.082,2.1069999999999998,2.128,2.082,441368186,931661120
388,2015/9/23,2.0669999999999997,2.053,2.0909999999999997,2.051,308095127,637225616
389,2015/9/24,2.065,2.06,2.0709999999999997,2.046,187819547,386856304
390,2015/9/25,2.057,2.045,2.06,2.02,289975163,592014784
391,2015/9/28,2.042,2.048,2.053,2.022,167450395,341669088
392,2015/9/29,2.0269999999999997,2.003,2.029,1.996,131496607,264303016
393,2015/9/30,2.015,2.022,2.043,2.0140000000000002,118692099,240538238
394,2015/10/8,2.1109999999999998,2.068,2.113,2.066,194396132,405573568
395,2015/10/9,2.077,2.092,2.099,2.07,190196248,396920592
396,2015/10/12,2.105,2.155,2.182,2.097,309566705,663816272
397,2015/10/13,2.135,2.147,2.1519999999999997,2.134,273431463,586539264
398,2015/10/14,2.1319999999999997,2.127,2.155,2.125,199876417,428085360
399,2015/10/15,2.13,2.17,2.173,2.123,323204259,695447712
400,2015/10/16,2.176,2.187,2.197,2.1719999999999997,366125829,800244720
401,2015/10/19,2.188,2.185,2.209,2.164,304669609,667011328
402,2015/10/20,2.1790000000000003,2.205,2.207,2.166,245698511,535534032
403,2015/10/21,2.201,2.185,2.23,2.1390000000000002,475730736,1041480352
404,2015/10/22,2.19,2.197,2.202,2.166,340266158,742318480
405,2015/10/23,2.201,2.213,2.218,2.185,299068558,658982912
406,2015/10/26,2.242,2.213,2.246,2.1959999999999997,338653520,754117424
407,2015/10/27,2.202,2.2119999999999997,2.2230000000000003,2.169,391600694,859820176
408,2015/10/28,2.202,2.174,2.205,2.171,355851128,780107824
409,2015/10/29,2.178,2.177,2.189,2.162,234713621,511170112
410,2015/10/30,2.171,2.176,2.2,2.164,243990334,532311456
411,2015/11/2,2.158,2.15,2.18,2.148,247957786,536826688
412,2015/11/3,2.155,2.14,2.164,2.1319999999999997,237875247,511025872
413,2015/11/4,2.145,2.247,2.25,2.145,662710115,1463263408
414,2015/11/5,2.237,2.303,2.369,2.231,847325474,1951571344
415,2015/11/6,2.299,2.354,2.36,2.281,570855452,1324751232
416,2015/11/9,2.355,2.385,2.439,2.352,756909791,1819460032
417,2015/11/10,2.365,2.375,2.406,2.355,424854965,1009264592
418,2015/11/11,2.371,2.359,2.375,2.325,376989704,886821328
419,2015/11/12,2.364,2.326,2.37,2.318,288659490,674769760
420,2015/11/13,2.3080000000000003,2.302,2.333,2.296,299131563,691879904
421,2015/11/16,2.2640000000000002,2.307,2.311,2.263,225186098,515322560
422,2015/11/17,2.3169999999999997,2.3080000000000003,2.366,2.303,368912213,861444800
423,2015/11/18,2.309,2.296,2.326,2.29,279035354,643874704
424,2015/11/19,2.299,2.327,2.331,2.293,263529200,608490336
425,2015/11/20,2.326,2.316,2.336,2.31,254045686,590227584
426,2015/11/23,2.315,2.3080000000000003,2.3369999999999997,2.279,241322689,559200128
427,2015/11/24,2.303,2.302,2.303,2.2769999999999997,265313173,608210336
428,2015/11/25,2.294,2.311,2.316,2.282,414384541,951282000
429,2015/11/26,2.326,2.305,2.334,2.301,308739204,715689392
430,2015/11/27,2.294,2.1830000000000003,2.2969999999999997,2.1630000000000003,520940361,1157861024
431,2015/11/30,2.191,2.194,2.209,2.1519999999999997,376376000,822706896
432,2015/12/1,2.195,2.2030000000000003,2.229,2.175,305299349,670301216
433,2015/12/2,2.199,2.319,2.325,2.197,698069305,1583352208
434,2015/12/3,2.31,2.3169999999999997,2.332,2.28,523686690,1209805296
435,2015/12/4,2.293,2.259,2.301,2.248,414512894,940898560
436,2015/12/7,2.258,2.251,2.271,2.238,305199602,687342224
437,2015/12/8,2.237,2.229,2.251,2.214,361137020,805506368
438,2015/12/9,2.224,2.231,2.247,2.2159999999999997,337375406,753118592
439,2015/12/10,2.234,2.218,2.265,2.211,333646723,746648496
440,2015/12/11,2.206,2.208,2.221,2.186,264405997,582669152
441,2015/12/14,2.188,2.275,2.279,2.184,394927552,879489760
442,2015/12/15,2.263,2.244,2.269,2.231,334208532,751845584
443,2015/12/16,2.247,2.234,2.255,2.229,257196124,577047104
444,2015/12/17,2.245,2.262,2.2840000000000003,2.245,404178654,914671552
445,2015/12/18,2.2569999999999997,2.281,2.315,2.254,490394079,1121429056
446,2015/12/21,2.267,2.354,2.365,2.265,710221572,1655026336
447,2015/12/22,2.351,2.345,2.358,2.3280000000000003,335880759,786752432
448,2015/12/23,2.345,2.354,2.397,2.3409999999999997,754853964,1784668992
449,2015/12/24,2.351,2.334,2.354,2.3080000000000003,411070101,958156832
450,2015/12/25,2.336,2.342,2.3480000000000003,2.326,184293164,430786864
451,2015/12/28,2.343,2.272,2.35,2.2680000000000002,290944403,670217664
452,2015/12/29,2.271,2.291,2.293,2.266,315262968,718736240
453,2015/12/30,2.292,2.283,2.293,2.256,292342071,664689600
454,2015/12/31,2.278,2.276,2.293,2.265,367206656,837061952
455,2016/1/4,2.271,2.146,2.273,2.1390000000000002,316962375,703760448
456,2016/1/5,2.129,2.153,2.177,2.1,685528581,1473642288
457,2016/1/6,2.157,2.182,2.185,2.1430000000000002,425685609,921398480
458,2016/1/7,2.153,2.051,2.153,2.039,94667048,199851686
459,2016/1/8,2.106,2.09,2.128,2.031,612248384,1279000240
460,2016/1/11,2.053,2.002,2.076,2.0,672290747,1370198240
461,2016/1/12,2.016,2.0069999999999997,2.03,1.994,479672350,966065888
462,2016/1/13,2.028,1.989,2.039,1.9869999999999999,597813532,1206024176
463,2016/1/14,1.954,2.0069999999999997,2.015,1.94,662613612,1311296336
464,2016/1/15,1.9969999999999999,1.95,2.0069999999999997,1.94,538391770,1062633616
465,2016/1/18,1.921,1.95,1.974,1.919,413426868,807679184
466,2016/1/19,1.95,2.006,2.0180000000000002,1.9409999999999998,547693357,1087729552
467,2016/1/20,1.994,1.97,2.002,1.952,370964812,734513536
468,2016/1/21,1.954,1.9240000000000002,1.994,1.921,365034384,715622048
469,2016/1/22,1.945,1.9469999999999998,1.9580000000000002,1.913,380434961,737375440
470,2016/1/25,1.95,1.945,1.9569999999999999,1.935,209356393,407438320
471,2016/1/26,1.933,1.844,1.9369999999999998,1.837,442471165,834831472
472,2016/1/27,1.851,1.8430000000000002,1.86,1.807,548505656,1007226976
473,2016/1/28,1.83,1.804,1.854,1.795,412935062,755063504
474,2016/1/29,1.807,1.86,1.879,1.807,455692946,842926912
475,2016/2/1,1.859,1.829,1.8619999999999999,1.8130000000000002,229808414,421762640
476,2016/2/2,1.829,1.86,1.868,1.8259999999999998,275067523,509738864
477,2016/2/3,1.841,1.84,1.848,1.82,255093891,467505888
478,2016/2/4,1.85,1.8630000000000002,1.87,1.8459999999999999,312522211,580570752
479,2016/2/5,1.8619999999999999,1.854,1.867,1.851,295474360,548767776
480,2016/2/15,1.8130000000000002,1.8359999999999999,1.845,1.808,261038189,476558096
481,2016/2/16,1.8419999999999999,1.885,1.889,1.841,311890603,585025792
482,2016/2/17,1.883,1.896,1.9040000000000001,1.879,288661750,546408432
483,2016/2/18,1.905,1.8940000000000001,1.9169999999999998,1.891,223100527,424778016
484,2016/2/19,1.891,1.889,1.899,1.8780000000000001,215429345,406839280
485,2016/2/22,1.906,1.935,1.945,1.8980000000000001,418984178,804270368
486,2016/2/23,1.933,1.912,1.9340000000000002,1.899,237147156,453973040
487,2016/2/24,1.906,1.921,1.9240000000000002,1.892,314441004,600965760
488,2016/2/25,1.915,1.824,1.9180000000000001,1.8030000000000002,399340927,744375520
489,2016/2/26,1.8330000000000002,1.8419999999999999,1.8519999999999999,1.818,445017608,817819088
490,2016/2/29,1.834,1.824,1.841,1.78,450895887,815890032
491,2016/3/1,1.827,1.8559999999999999,1.875,1.817,361249882,665828720
492,2016/3/2,1.859,1.93,1.9369999999999998,1.859,464346992,884244000
493,2016/3/3,1.925,1.9340000000000002,1.9409999999999998,1.9169999999999998,366979439,708318096
494,2016/3/4,1.9269999999999998,1.999,2.006,1.921,695504380,1368994688
495,2016/3/7,1.9969999999999999,1.9880000000000002,2.016,1.974,459262207,915445872
496,2016/3/8,1.982,1.992,1.994,1.9169999999999998,447429515,873018384
497,2016/3/9,1.952,1.985,1.9869999999999999,1.933,479831722,938589376
498,2016/3/10,1.963,1.939,1.984,1.936,314471632,617764704
499,2016/3/11,1.923,1.946,1.9509999999999998,1.921,368052878,712909600
500,2016/3/14,1.96,1.955,1.9969999999999999,1.952,346445410,683955104
501,2016/3/15,1.954,1.976,1.982,1.936,436561597,856660288
502,2016/3/16,1.964,2.011,2.017,1.9609999999999999,524632573,1050081584
503,2016/3/17,2.0069999999999997,2.008,2.0340000000000003,1.9880000000000002,405560677,815888896
504,2016/3/18,2.011,2.016,2.041,2.0069999999999997,571048814,1155122416
505,2016/3/21,2.035,2.065,2.086,2.029,749889549,1546431568
506,2016/3/22,2.0580000000000003,2.043,2.066,2.039,460487169,945064160
507,2016/3/23,2.0380000000000003,2.045,2.059,2.029,628891199,1283219120
508,2016/3/24,2.035,2.016,2.035,2.012,360001597,727963216
509,2016/3/25,2.0140000000000002,2.02,2.032,2.011,419624824,847518464
510,2016/3/28,2.0269999999999997,1.9980000000000002,2.042,1.994,349557366,705448352
511,2016/3/29,2.002,1.982,2.012,1.976,427443604,851243808
512,2016/3/30,1.9980000000000002,2.033,2.036,1.9980000000000002,373335967,754214896
513,2016/3/31,2.0380000000000003,2.031,2.045,2.021,261394691,531522720
514,2016/4/1,2.0269999999999997,2.039,2.04,1.993,368159708,745360352
515,2016/4/5,2.0269999999999997,2.049,2.062,2.021,428177678,876822496
516,2016/4/6,2.042,2.039,2.049,2.032,232860688,475108320
517,2016/4/7,2.044,2.015,2.051,2.012,249498718,505503936
518,2016/4/8,2.004,2.001,2.01,1.989,288100365,576541120
519,2016/4/11,2.015,2.019,2.04,2.015,306007806,620823120
520,2016/4/12,2.019,2.0180000000000002,2.024,2.009,188347708,379581456
521,2016/4/13,2.029,2.042,2.069,2.029,581840037,1195900112
522,2016/4/14,2.052,2.048,2.063,2.0380000000000003,325069509,666019632
523,2016/4/15,2.051,2.051,2.059,2.044,323915808,664278608
524,2016/4/18,2.037,2.029,2.045,2.025,232696791,473288112
525,2016/4/19,2.041,2.035,2.044,2.028,218568224,444328416
526,2016/4/20,2.0380000000000003,2.023,2.043,1.9709999999999999,610850258,1225701360
527,2016/4/21,2.01,2.021,2.043,2.005,370589027,751276768
528,2016/4/22,2.009,2.031,2.0340000000000003,1.9980000000000002,264102424,535247584
529,2016/4/25,2.024,2.02,2.029,1.9969999999999999,201544900,406432944
530,2016/4/26,2.0180000000000002,2.0269999999999997,2.037,2.013,185717280,375911472
531,2016/4/27,2.028,2.019,2.031,2.016,157370412,318530560
532,2016/4/28,2.02,2.0180000000000002,2.029,2.0069999999999997,182325107,368024976
533,2016/4/29,2.009,2.011,2.019,2.008,132591040,267143131
534,2016/5/3,2.013,2.0340000000000003,2.042,2.003,268409619,544978432
535,2016/5/4,2.0269999999999997,2.028,2.033,2.02,132102883,267714478
536,2016/5/5,2.02,2.026,2.0269999999999997,2.0180000000000002,109471092,221442963
537,2016/5/6,2.026,1.9809999999999999,2.028,1.9780000000000002,282241897,566508057
538,2016/5/9,1.975,1.9509999999999998,1.979,1.944,365529624,716575961
539,2016/5/10,1.9469999999999998,1.95,1.962,1.944,165660121,323652183
540,2016/5/11,1.955,1.956,1.969,1.9469999999999998,152989695,299410777
541,2016/5/12,1.949,1.962,1.9680000000000002,1.9369999999999998,141925456,277384936
542,2016/5/13,1.95,1.9580000000000002,1.9680000000000002,1.95,99932341,195919916
543,2016/5/16,1.9480000000000002,1.96,1.964,1.942,133880428,261761631
544,2016/5/17,1.9609999999999999,1.956,1.966,1.949,115883357,226682673
545,2016/5/18,1.95,1.9569999999999999,1.962,1.933,338519600,658974127
546,2016/5/19,1.9509999999999998,1.952,1.964,1.949,87892737,171969403
547,2016/5/20,1.945,1.962,1.963,1.945,100469530,196673052
548,2016/5/23,1.963,1.963,1.9769999999999999,1.9580000000000002,128045563,251858773
549,2016/5/24,1.96,1.949,1.96,1.946,185187549,361361073
550,2016/5/25,1.955,1.954,1.964,1.9509999999999998,125497137,245572200
551,2016/5/26,1.955,1.954,1.965,1.942,122217732,238605251
552,2016/5/27,1.954,1.9569999999999999,1.963,1.95,119391588,233450343
553,2016/5/30,1.955,1.9680000000000002,1.972,1.945,168923154,331658034
554,2016/5/31,1.97,2.035,2.035,1.97,620277443,1252137529
555,2016/6/1,2.035,2.0180000000000002,2.036,2.0180000000000002,278743394,564498989
556,2016/6/2,2.016,2.016,2.024,2.0069999999999997,157873537,318129523
557,2016/6/3,2.0180000000000002,2.029,2.033,2.013,220872104,446731858
558,2016/6/6,2.029,2.017,2.033,2.013,143501148,289763568
559,2016/6/7,2.02,2.0180000000000002,2.025,2.016,125499155,253440864
560,2016/6/8,2.0180000000000002,2.015,2.021,2.006,97384485,196021945
561,2016/6/13,2.0,1.9669999999999999,2.002,1.966,270472654,537797136
562,2016/6/14,1.966,1.979,1.982,1.965,131037503,258758217
563,2016/6/15,1.959,1.986,1.999,1.956,215368542,426938724
564,2016/6/16,1.9780000000000002,1.98,1.9869999999999999,1.975,132042041,261720124
565,2016/6/17,1.985,1.986,2.002,1.984,230014890,458576640
566,2016/6/20,1.992,1.9909999999999999,1.995,1.98,128779567,256033857
567,2016/6/21,1.996,1.989,2.017,1.9869999999999999,171113502,342244844
568,2016/6/22,1.9869999999999999,2.001,2.002,1.984,185663610,370432495
569,2016/6/23,2.002,1.993,2.003,1.985,106236933,211711636
570,2016/6/24,1.99,1.969,2.003,1.9480000000000002,227044604,449350245
571,2016/6/27,1.969,1.9880000000000002,1.989,1.966,206297479,409063811
572,2016/6/28,1.984,1.994,1.996,1.976,153885909,305469295
573,2016/6/29,1.996,2.011,2.0140000000000002,1.996,202319172,406090263
574,2016/6/30,2.016,2.012,2.021,2.012,133238118,268751877
575,2016/7/1,2.0180000000000002,2.0180000000000002,2.024,2.017,121495001,245450903
576,2016/7/4,2.017,2.051,2.059,2.013,218370263,446441009
577,2016/7/5,2.049,2.0580000000000003,2.066,2.049,183620651,377638845
578,2016/7/6,2.051,2.057,2.059,2.041,176693680,362355146
579,2016/7/7,2.055,2.062,2.068,2.048,126780535,260924492
580,2016/7/8,2.057,2.051,2.06,2.05,104448587,214456153
581,2016/7/11,2.0540000000000003,2.061,2.08,2.0540000000000003,140279509,290204345
582,2016/7/12,2.061,2.103,2.105,2.061,312191010,650660174
583,2016/7/13,2.1069999999999998,2.106,2.134,2.103,505868537,1069761626
584,2016/7/14,2.1069999999999998,2.103,2.109,2.0909999999999997,262610791,552365652
585,2016/7/15,2.105,2.106,2.112,2.0980000000000003,323560183,681314944
586,2016/7/18,2.105,2.099,2.116,2.0980000000000003,232609016,489701956
587,2016/7/19,2.097,2.0869999999999997,2.105,2.077,209291813,437073210
588,2016/7/20,2.0869999999999997,2.081,2.093,2.079,140135159,292105743
589,2016/7/21,2.083,2.0909999999999997,2.099,2.083,151770955,317500367
590,2016/7/22,2.089,2.072,2.093,2.0709999999999997,108047624,224642090
591,2016/7/25,2.0709999999999997,2.073,2.082,2.069,107019599,222103185
592,2016/7/26,2.073,2.0980000000000003,2.099,2.069,203264646,424591601
593,2016/7/27,2.099,2.086,2.102,2.046,310666754,644322778
594,2016/7/28,2.075,2.083,2.089,2.066,131140842,272776381
595,2016/7/29,2.081,2.073,2.083,2.0669999999999997,90859764,188705231
596,2016/8/1,2.0709999999999997,2.063,2.072,2.055,154131939,318100802
597,2016/8/2,2.064,2.063,2.07,2.055,93194046,192184803
598,2016/8/3,2.061,2.061,2.066,2.0540000000000003,95746316,197289822
599,2016/8/4,2.06,2.059,2.062,2.046,105543441,216850335
600,2016/8/5,2.059,2.0669999999999997,2.077,2.0540000000000003,118164950,244169030
601,2016/8/8,2.068,2.076,2.0780000000000003,2.0580000000000003,93470008,193385523
602,2016/8/9,2.073,2.092,2.094,2.073,118724721,247515348
603,2016/8/10,2.093,2.0869999999999997,2.094,2.084,142123901,296933615
604,2016/8/11,2.0869999999999997,2.094,2.125,2.083,278814394,587454178
605,2016/8/12,2.094,2.14,2.141,2.093,315810167,669346800
606,2016/8/15,2.144,2.2,2.23,2.141,574639089,1263106491
607,2016/8/16,2.204,2.1719999999999997,2.215,2.17,558405655,1220321073
608,2016/8/17,2.174,2.166,2.186,2.158,245776522,533492477
609,2016/8/18,2.167,2.157,2.187,2.15,243109708,527631727
610,2016/8/19,2.156,2.167,2.171,2.148,165589251,357684903
611,2016/8/22,2.166,2.154,2.17,2.15,159310038,343831079
612,2016/8/23,2.155,2.157,2.173,2.149,248481397,536802344
613,2016/8/24,2.1590000000000003,2.148,2.167,2.142,222020948,477294909
614,2016/8/25,2.1430000000000002,2.137,2.1430000000000002,2.123,198436982,423605339
615,2016/8/26,2.14,2.135,2.149,2.133,164456684,352254518
616,2016/8/29,2.135,2.133,2.137,2.123,127039879,270828940
617,2016/8/30,2.134,2.144,2.149,2.134,157821120,337808028
618,2016/8/31,2.1430000000000002,2.151,2.156,2.138,206198996,442888671
619,2016/9/1,2.151,2.136,2.153,2.135,141325865,303099987
620,2016/9/2,2.136,2.147,2.148,2.133,181655637,388870655
621,2016/9/5,2.148,2.148,2.1630000000000003,2.146,181943055,391319553
622,2016/9/6,2.148,2.153,2.162,2.135,179730203,386432421
623,2016/9/7,2.153,2.157,2.166,2.1519999999999997,311939718,673816760
624,2016/9/8,2.154,2.157,2.1590000000000003,2.151,126552131,272687753
625,2016/9/9,2.155,2.148,2.16,2.1430000000000002,114788876,247313791
626,2016/9/12,2.116,2.119,2.124,2.1,366793244,774263669
627,2016/9/13,2.117,2.112,2.119,2.108,151185306,319381640
628,2016/9/14,2.104,2.099,2.108,2.096,159995510,336257115
629,2016/9/19,2.099,2.112,2.115,2.099,112953714,238257401
630,2016/9/20,2.1109999999999998,2.109,2.113,2.104,85419912,180024685
631,2016/9/21,2.1069999999999998,2.113,2.115,2.106,117541337,247995144
632,2016/9/22,2.1180000000000003,2.124,2.134,2.117,149244484,317247021
633,2016/9/23,2.124,2.1180000000000003,2.127,2.117,110710282,235008969
634,2016/9/26,2.115,2.093,2.116,2.0909999999999997,230391172,485127358
635,2016/9/27,2.0909999999999997,2.099,2.104,2.09,104897458,220020211
636,2016/9/28,2.101,2.09,2.102,2.089,126939905,265966884
637,2016/9/29,2.095,2.1,2.109,2.095,107236834,225529440
638,2016/9/30,2.096,2.105,2.108,2.096,135354571,284913647
639,2016/10/10,2.116,2.131,2.135,2.113,121176129,257341662
640,2016/10/11,2.131,2.133,2.136,2.127,141322379,301259065
641,2016/10/12,2.129,2.126,2.13,2.123,109364839,232606505
642,2016/10/13,2.123,2.126,2.1319999999999997,2.123,83246295,176956364
643,2016/10/14,2.126,2.134,2.1390000000000002,2.12,121474742,258723924
644,2016/10/17,2.137,2.119,2.137,2.116,129040966,274697510
645,2016/10/18,2.116,2.149,2.151,2.116,179327689,382795422
646,2016/10/19,2.149,2.147,2.155,2.144,117846038,253195091
647,2016/10/20,2.146,2.148,2.1519999999999997,2.144,109889715,235931475
648,2016/10/21,2.148,2.162,2.168,2.1430000000000002,188745832,407072522
649,2016/10/24,2.161,2.189,2.207,2.161,413332290,904622159
650,2016/10/25,2.19,2.184,2.193,2.18,261533160,571569829
651,2016/10/26,2.184,2.177,2.187,2.175,205401751,448208298
652,2016/10/27,2.176,2.171,2.177,2.166,184632517,400792628
653,2016/10/28,2.171,2.173,2.194,2.171,321483721,700997575
654,2016/10/31,2.1719999999999997,2.171,2.173,2.156,131679799,285065904
655,2016/11/1,2.17,2.181,2.181,2.167,148625743,323638315
656,2016/11/2,2.177,2.166,2.178,2.164,154926119,336171157
657,2016/11/3,2.164,2.1919999999999997,2.2030000000000003,2.161,275476308,601527366
658,2016/11/4,2.19,2.189,2.2030000000000003,2.186,139112954,305352445
659,2016/11/7,2.189,2.195,2.198,2.186,100163802,219573733
660,2016/11/8,2.2,2.202,2.214,2.195,154869702,341373003
661,2016/11/9,2.201,2.185,2.201,2.165,278409351,607962232
662,2016/11/10,2.197,2.208,2.214,2.197,185047061,408363468
663,2016/11/11,2.2030000000000003,2.226,2.233,2.201,381302127,847232900
664,2016/11/14,2.221,2.2359999999999998,2.256,2.219,348691006,779989590
665,2016/11/15,2.2319999999999998,2.229,2.2359999999999998,2.224,142206840,316967642
666,2016/11/16,2.229,2.224,2.2319999999999998,2.221,143237898,318801802
667,2016/11/17,2.2230000000000003,2.231,2.2319999999999998,2.213,133003470,295789112
668,2016/11/18,2.2319999999999998,2.226,2.24,2.221,152667005,340715047
669,2016/11/21,2.222,2.251,2.266,2.222,336723861,757536893
670,2016/11/22,2.249,2.2680000000000002,2.272,2.248,283417795,641724280
671,2016/11/23,2.269,2.275,2.29,2.2640000000000002,228703074,521172448
672,2016/11/24,2.271,2.2840000000000003,2.294,2.269,227681068,519405381
673,2016/11/25,2.2840000000000003,2.309,2.31,2.27,296992690,679471520
674,2016/11/28,2.3169999999999997,2.3169999999999997,2.3409999999999997,2.312,286045463,665255111
675,2016/11/29,2.313,2.355,2.367,2.306,356422395,834698510
676,2016/11/30,2.3480000000000003,2.329,2.3569999999999998,2.3209999999999997,578834641,1352489245
677,2016/12/1,2.333,2.342,2.358,2.3280000000000003,359239849,841660729
678,2016/12/2,2.3409999999999997,2.326,2.342,2.313,373808429,869541739
679,2016/12/5,2.303,2.2840000000000003,2.3040000000000003,2.276,473399432,1083013120
680,2016/12/6,2.283,2.279,2.294,2.279,211284892,483001676
681,2016/12/7,2.279,2.286,2.287,2.273,218635999,498753666
682,2016/12/8,2.29,2.291,2.299,2.286,239248436,548100604
683,2016/12/9,2.289,2.323,2.33,2.283,376735394,870848654
684,2016/12/12,2.322,2.2969999999999997,2.335,2.278,616533905,1417710194
685,2016/12/13,2.2880000000000003,2.282,2.293,2.272,361376609,824986574
686,2016/12/14,2.283,2.272,2.296,2.271,264019648,603286432
687,2016/12/15,2.265,2.222,2.267,2.188,424032029,949245201
688,2016/12/16,2.221,2.215,2.23,2.214,214972370,477342534
689,2016/12/19,2.213,2.207,2.219,2.202,210603076,465444738
690,2016/12/20,2.207,2.1959999999999997,2.21,2.178,226578426,496352195
691,2016/12/21,2.199,2.2119999999999997,2.221,2.199,341646872,755605388
692,2016/12/22,2.211,2.206,2.213,2.197,134360888,296329083
693,2016/12/23,2.204,2.194,2.207,2.188,165167029,362728294
694,2016/12/26,2.181,2.2119999999999997,2.215,2.1719999999999997,312184834,684120186
695,2016/12/27,2.211,2.2030000000000003,2.218,2.202,190043724,420150294
696,2016/12/28,2.202,2.193,2.207,2.187,222066755,487391375
697,2016/12/29,2.19,2.193,2.202,2.1830000000000003,222562249,488255156
698,2016/12/30,2.1919999999999997,2.202,2.204,2.191,247910423,544894006
699,2017/1/3,2.2,2.221,2.227,2.2,282192495,626330162
700,2017/1/4,2.218,2.238,2.238,2.218,233091739,519611102
701,2017/1/5,2.2359999999999998,2.235,2.241,2.23,171724884,383888793
702,2017/1/6,2.235,2.227,2.239,2.226,113571700,253554525
703,2017/1/9,2.226,2.2319999999999998,2.237,2.222,151689757,338284574
704,2017/1/10,2.228,2.227,2.235,2.224,122799786,273842110
705,2017/1/11,2.227,2.217,2.2319999999999998,2.215,187409820,416669178
706,2017/1/12,2.215,2.21,2.224,2.209,164319650,364393793
707,2017/1/13,2.209,2.224,2.23,2.207,171716747,380903097
708,2017/1/16,2.222,2.252,2.256,2.201,453794112,1011597198
709,2017/1/17,2.242,2.242,2.248,2.235,145605553,326502132
710,2017/1/18,2.241,2.256,2.2640000000000002,2.241,193196467,435818334
711,2017/1/19,2.253,2.247,2.2640000000000002,2.245,253672022,572063104
712,2017/1/20,2.248,2.261,2.265,2.247,191602925,432369727
713,2017/1/23,2.262,2.26,2.273,2.255,326099557,738503644
714,2017/1/24,2.261,2.266,2.2680000000000002,2.2569999999999997,183801595,415918129
715,2017/1/25,2.263,2.269,2.272,2.2569999999999997,171125837,387625966
716,2017/1/26,2.273,2.278,2.283,2.271,203739523,464155920
717,2017/2/3,2.279,2.254,2.281,2.252,151239062,342111875
718,2017/2/6,2.2569999999999997,2.255,2.263,2.249,160842731,362763938
719,2017/2/7,2.255,2.248,2.259,2.244,146367733,329417249
720,2017/2/8,2.248,2.26,2.261,2.237,174988109,393493921
721,2017/2/9,2.26,2.266,2.2769999999999997,2.254,242174549,548962391
722,2017/2/10,2.2680000000000002,2.278,2.283,2.267,283985719,646491032
723,2017/2/13,2.279,2.289,2.292,2.279,258494553,591160947
724,2017/2/14,2.2880000000000003,2.281,2.29,2.279,147065668,335864319
725,2017/2/15,2.281,2.28,2.293,2.279,143070060,327203562
726,2017/2/16,2.28,2.283,2.287,2.278,120284048,274568384
727,2017/2/17,2.286,2.273,2.2969999999999997,2.272,204511081,467512548
728,2017/2/20,2.274,2.305,2.306,2.274,420275637,963865183
729,2017/2/21,2.305,2.3040000000000003,2.3169999999999997,2.301,259160184,598279404
730,2017/2/22,2.3040000000000003,2.306,2.3080000000000003,2.299,222086168,511390078
731,2017/2/23,2.305,2.298,2.31,2.291,154155244,354492716
732,2017/2/24,2.2969999999999997,2.296,2.2969999999999997,2.285,264378127,605779061
733,2017/2/27,2.294,2.279,2.295,2.275,188985840,432164374
734,2017/2/28,2.278,2.279,2.2880000000000003,2.274,169590879,386531983
735,2017/3/1,2.281,2.279,2.292,2.278,218527058,499053102
736,2017/3/2,2.2840000000000003,2.265,2.29,2.263,149989852,341537364
737,2017/3/3,2.262,2.255,2.262,2.252,143637479,324034920
738,2017/3/6,2.256,2.261,2.266,2.253,161981253,365903393
739,2017/3/7,2.258,2.266,2.266,2.2569999999999997,146718286,331732369
740,2017/3/8,2.265,2.267,2.272,2.261,117518363,266420757
741,2017/3/9,2.263,2.255,2.2640000000000002,2.245,153490348,345712056
742,2017/3/10,2.253,2.248,2.256,2.248,98716291,222241430
743,2017/3/13,2.247,2.267,2.2680000000000002,2.24,166854107,376838823
744,2017/3/14,2.267,2.263,2.269,2.259,80878030,183189202
745,2017/3/15,2.26,2.266,2.267,2.256,107795118,243874806
746,2017/3/16,2.273,2.28,2.287,2.272,196042797,447005089
747,2017/3/17,2.282,2.255,2.283,2.251,225791268,512665503
748,2017/3/20,2.26,2.259,2.265,2.251,103598119,233947113
749,2017/3/21,2.259,2.265,2.267,2.2569999999999997,194638481,440152252
750,2017/3/22,2.2569999999999997,2.249,2.261,2.242,226739395,510055729
751,2017/3/23,2.248,2.256,2.265,2.247,141413601,319000297
752,2017/3/24,2.258,2.276,2.282,2.253,202257601,458191460
753,2017/3/27,2.276,2.272,2.2880000000000003,2.27,180758820,412091432
754,2017/3/28,2.275,2.266,2.278,2.2640000000000002,173575272,393928592
755,2017/3/29,2.2680000000000002,2.2640000000000002,2.273,2.259,144681485,328018120
756,2017/3/30,2.263,2.255,2.2680000000000002,2.248,276181319,622998005
757,2017/3/31,2.253,2.2680000000000002,2.27,2.253,177645266,402125550
758,2017/4/5,2.278,2.293,2.294,2.275,192468207,440025325
759,2017/4/6,2.294,2.295,2.301,2.283,292960678,671762803
760,2017/4/7,2.296,2.295,2.301,2.286,160913839,369035940
761,2017/4/10,2.295,2.2880000000000003,2.299,2.2880000000000003,134664795,308739449
762,2017/4/11,2.285,2.289,2.294,2.266,267436425,609633421
763,2017/4/12,2.286,2.285,2.293,2.273,159011458,363534272
764,2017/4/13,2.281,2.279,2.286,2.2769999999999997,182477869,416071549
765,2017/4/14,2.278,2.262,2.279,2.2569999999999997,217834511,493751968
766,2017/4/17,2.26,2.265,2.2680000000000002,2.25,290277712,655265124
767,2017/4/18,2.262,2.251,2.263,2.249,147862022,333776998
768,2017/4/19,2.246,2.235,2.248,2.227,359985630,805082762
769,2017/4/20,2.233,2.244,2.246,2.233,192382659,430719320
770,2017/4/21,2.245,2.253,2.258,2.2430000000000003,211009326,474885246
771,2017/4/24,2.254,2.249,2.255,2.2359999999999998,258380494,579523992
772,2017/4/25,2.247,2.254,2.256,2.247,181357715,408621367
773,2017/4/26,2.254,2.252,2.2680000000000002,2.252,237155102,535630461
774,2017/4/27,2.249,2.256,2.259,2.239,160380444,360522222
775,2017/4/28,2.255,2.253,2.256,2.2430000000000003,190582763,428708586
776,2017/5/2,2.251,2.245,2.2569999999999997,2.245,85211266,191857354
777,2017/5/3,2.245,2.238,2.251,2.237,165601148,371363612
778,2017/5/4,2.237,2.233,2.2430000000000003,2.227,186227489,416001123
779,2017/5/5,2.23,2.227,2.231,2.21,277474454,616193678
780,2017/5/8,2.221,2.231,2.233,2.2119999999999997,404193296,898767926
781,2017/5/9,2.226,2.228,2.2319999999999998,2.224,151307845,337121159
782,2017/5/10,2.229,2.234,2.245,2.229,266570126,596815560
783,2017/5/11,2.229,2.247,2.25,2.228,303506656,679858476
784,2017/5/12,2.244,2.281,2.281,2.244,569247254,1292245511
785,2017/5/15,2.285,2.285,2.3,2.283,187460457,429557309
786,2017/5/16,2.279,2.29,2.29,2.272,194477931,443240905
787,2017/5/17,2.286,2.27,2.289,2.269,163122894,371254876
788,2017/5/18,2.259,2.262,2.269,2.256,197504559,447008176
789,2017/5/19,2.261,2.267,2.269,2.259,144848002,328209327
790,2017/5/22,2.2680000000000002,2.2840000000000003,2.2880000000000003,2.266,281599277,641943720
791,2017/5/23,2.281,2.313,2.314,2.281,508742087,1171074128
792,2017/5/24,2.311,2.309,2.316,2.29,294707205,678155349
793,2017/5/25,2.305,2.378,2.384,2.3040000000000003,476491722,1120059729
794,2017/5/26,2.372,2.374,2.388,2.362,212201475,504004880
795,2017/5/31,2.379,2.3819999999999997,2.407,2.363,252408881,601892730
796,2017/6/1,2.38,2.397,2.4,2.366,195354861,466017585
797,2017/6/2,2.397,2.378,2.401,2.374,216183625,515903877
798,2017/6/5,2.3680000000000003,2.351,2.377,2.3480000000000003,232296952,547064792
799,2017/6/6,2.3480000000000003,2.365,2.37,2.3480000000000003,269724351,636737599
800,2017/6/7,2.3680000000000003,2.387,2.397,2.365,237588564,566547580
801,2017/6/8,2.385,2.408,2.412,2.379,260330117,623395986
802,2017/6/9,2.407,2.423,2.438,2.407,348897784,846437756
803,2017/6/12,2.417,2.42,2.4459999999999997,2.4130000000000003,249372763,605919107
804,2017/6/13,2.416,2.418,2.42,2.4,234119390,564894073
805,2017/6/14,2.416,2.3890000000000002,2.416,2.386,297634442,713097826
806,2017/6/15,2.386,2.373,2.396,2.367,355036260,843876082
807,2017/6/16,2.373,2.3680000000000003,2.384,2.363,251585114,597936179
808,2017/6/19,2.369,2.404,2.406,2.369,268914034,643698527
809,2017/6/20,2.407,2.39,2.412,2.385,185703040,444674563
810,2017/6/21,2.405,2.415,2.416,2.383,326635846,784552428
811,2017/6/22,2.41,2.43,2.459,2.4,546675594,1331571257
812,2017/6/23,2.425,2.448,2.449,2.414,299305860,727611538
813,2017/6/26,2.449,2.459,2.474,2.447,351516070,865557808
814,2017/6/27,2.455,2.468,2.472,2.4459999999999997,325283195,798792323
815,2017/6/28,2.4619999999999997,2.4530000000000003,2.474,2.452,268616144,661507490
816,2017/6/29,2.456,2.469,2.47,2.449,196251044,482832285
817,2017/6/30,2.457,2.4619999999999997,2.468,2.452,186641732,459093560
818,2017/7/3,2.4659999999999997,2.448,2.467,2.438,183234545,448670070
819,2017/7/4,2.4459999999999997,2.426,2.451,2.424,251610068,611710897
820,2017/7/5,2.425,2.467,2.47,2.424,255084024,624557876
821,2017/7/6,2.461,2.471,2.4819999999999998,2.454,223887023,552379766
822,2017/7/7,2.467,2.465,2.4730000000000003,2.456,247292299,609064810
823,2017/7/10,2.463,2.479,2.485,2.459,255253068,632294050
824,2017/7/11,2.477,2.5069999999999997,2.5269999999999997,2.476,388661474,973481005
825,2017/7/12,2.504,2.5,2.537,2.491,342847027,862912043
826,2017/7/13,2.504,2.539,2.54,2.5,330200661,833342746
827,2017/7/14,2.541,2.565,2.5660000000000003,2.533,258017992,657625261
828,2017/7/17,2.568,2.569,2.6039999999999996,2.5380000000000003,770214304,1982213051
829,2017/7/18,2.562,2.56,2.58,2.536,520681419,1332585903
830,2017/7/19,2.5610000000000004,2.6010000000000004,2.602,2.56,429784524,1111089333
831,2017/7/20,2.597,2.609,2.61,2.5869999999999997,447851186,1162782113
832,2017/7/21,2.5989999999999998,2.58,2.603,2.576,386886689,1003156640
833,2017/7/24,2.574,2.5989999999999998,2.609,2.574,323603746,840334899
834,2017/7/25,2.5989999999999998,2.583,2.609,2.5810000000000004,388786555,1009062254
835,2017/7/26,2.582,2.577,2.6039999999999996,2.5610000000000004,477914078,1232188007
836,2017/7/27,2.573,2.577,2.585,2.557,242168965,622126836
837,2017/7/28,2.573,2.58,2.5860000000000003,2.565,167323342,431091446
838,2017/7/31,2.5780000000000003,2.582,2.591,2.571,239715182,619016748
839,2017/8/1,2.5839999999999996,2.622,2.623,2.5810000000000004,326613717,851505649
840,2017/8/2,2.623,2.6260000000000003,2.639,2.6180000000000003,343690648,903398752
841,2017/8/3,2.622,2.588,2.635,2.588,450830217,1177029802
842,2017/8/4,2.5869999999999997,2.571,2.5980000000000003,2.57,233279585,603190552
843,2017/8/7,2.5669999999999997,2.5789999999999997,2.588,2.56,201338701,518280896
844,2017/8/8,2.5789999999999997,2.582,2.5860000000000003,2.5660000000000003,150758401,388381988
845,2017/8/9,2.5780000000000003,2.5639999999999996,2.58,2.562,211774755,544395764
846,2017/8/10,2.563,2.556,2.582,2.537,361349635,923917043
847,2017/8/11,2.54,2.515,2.548,2.512,339906693,858942038
848,2017/8/14,2.52,2.536,2.545,2.515,355638632,900227536
849,2017/8/15,2.539,2.552,2.568,2.536,365897738,935916272
850,2017/8/16,2.5469999999999997,2.541,2.55,2.533,184889945,469575470
851,2017/8/17,2.544,2.553,2.556,2.5380000000000003,148068842,377434915
852,2017/8/18,2.545,2.5639999999999996,2.57,2.542,287919269,736443817
853,2017/8/21,2.5660000000000003,2.563,2.5789999999999997,2.557,239257646,613895616
854,2017/8/22,2.568,2.588,2.589,2.563,415082767,1069243705
855,2017/8/23,2.588,2.6069999999999998,2.6189999999999998,2.5860000000000003,315171193,820917331
856,2017/8/24,2.608,2.597,2.622,2.589,254524836,662794932
857,2017/8/25,2.596,2.654,2.656,2.594,508926662,1341031730
858,2017/8/28,2.662,2.6839999999999997,2.713,2.662,577048782,1551719210
859,2017/8/29,2.682,2.685,2.6919999999999997,2.673,365666708,980874792
860,2017/8/30,2.6839999999999997,2.67,2.708,2.667,379116584,1019236220
861,2017/8/31,2.674,2.6630000000000003,2.6830000000000003,2.65,606927194,1615413586
862,2017/9/1,2.662,2.657,2.681,2.6489999999999996,420205650,1119582562
863,2017/9/4,2.655,2.661,2.6630000000000003,2.642,308400491,818298908
864,2017/9/5,2.66,2.678,2.6889999999999996,2.66,329851155,881639715
865,2017/9/6,2.6710000000000003,2.661,2.674,2.654,321199431,855409418
866,2017/9/7,2.6639999999999997,2.64,2.668,2.638,277934357,737847090
867,2017/9/8,2.641,2.636,2.65,2.628,198080001,522797028
868,2017/9/11,2.641,2.628,2.659,2.6239999999999997,401443163,1059500054
869,2017/9/12,2.633,2.6430000000000002,2.6460000000000004,2.6239999999999997,393506661,1036486704
870,2017/9/13,2.641,2.637,2.6430000000000002,2.628,318985266,840991788
871,2017/9/14,2.638,2.62,2.6430000000000002,2.614,290322806,762805558
872,2017/9/15,2.6189999999999998,2.62,2.627,2.61,271193143,710081234
873,2017/9/18,2.622,2.627,2.6439999999999997,2.622,332396737,875334839
874,2017/9/19,2.6289999999999996,2.6180000000000003,2.636,2.609,321568243,843077912
875,2017/9/20,2.616,2.615,2.625,2.611,229602732,601113718
876,2017/9/21,2.614,2.6260000000000003,2.64,2.611,286817086,752931508
877,2017/9/22,2.6210000000000004,2.627,2.635,2.613,285248563,748261030
878,2017/9/25,2.62,2.627,2.6310000000000002,2.615,358135545,939970633
879,2017/9/26,2.625,2.6289999999999996,2.633,2.622,258653780,679930009
880,2017/9/27,2.628,2.61,2.628,2.609,673402007,1762188432
881,2017/9/28,2.61,2.614,2.614,2.603,276328925,720843993
882,2017/9/29,2.615,2.6239999999999997,2.633,2.614,489125385,1285131965
883,2017/10/9,2.6839999999999997,2.647,2.694,2.64,597711520,1594735054
884,2017/10/10,2.6460000000000004,2.6430000000000002,2.661,2.6260000000000003,618170638,1630410615
885,2017/10/11,2.6439999999999997,2.659,2.665,2.6430000000000002,346323889,919223942
886,2017/10/12,2.657,2.6689999999999996,2.673,2.6510000000000002,211481245,563156715
887,2017/10/13,2.668,2.667,2.6710000000000003,2.6630000000000003,168163600,448532364
888,2017/10/16,2.6660000000000004,2.677,2.6889999999999996,2.6660000000000004,324864829,870273124
889,2017/10/17,2.676,2.675,2.682,2.668,251882486,673853132
890,2017/10/18,2.675,2.697,2.7,2.673,699727884,1880157944
891,2017/10/19,2.696,2.701,2.702,2.6919999999999997,340412128,918435306
892,2017/10/20,2.695,2.6860000000000004,2.695,2.6839999999999997,189826455,510153664
893,2017/10/23,2.6910000000000003,2.687,2.693,2.679,247586031,664897947
894,2017/10/24,2.681,2.701,2.708,2.681,578230539,1560121894
895,2017/10/25,2.7,2.697,2.7039999999999997,2.693,373947214,1009114451
896,2017/10/26,2.7030000000000003,2.721,2.737,2.699,541497254,1472197243
897,2017/10/27,2.721,2.766,2.767,2.717,346205186,949395897
898,2017/10/30,2.764,2.7539999999999996,2.7680000000000002,2.7289999999999996,540230565,1484354162
899,2017/10/31,2.745,2.7439999999999998,2.745,2.734,226638391,620794163
900,2017/11/1,2.7439999999999998,2.736,2.763,2.73,392809844,1078666947
901,2017/11/2,2.7319999999999998,2.741,2.742,2.721,426157808,1163057145
902,2017/11/3,2.738,2.7439999999999998,2.748,2.72,573348490,1567597933
903,2017/11/6,2.74,2.737,2.742,2.7239999999999998,296569251,810443077
904,2017/11/7,2.737,2.7680000000000002,2.775,2.737,645980670,1784292760
905,2017/11/8,2.767,2.767,2.7910000000000004,2.76,593230065,1644910059
906,2017/11/9,2.764,2.7769999999999997,2.778,2.758,443523227,1226904798
907,2017/11/10,2.775,2.8089999999999997,2.813,2.772,662018612,1847851071
908,2017/11/13,2.812,2.819,2.8289999999999997,2.8089999999999997,310646117,876122558
909,2017/11/14,2.82,2.804,2.825,2.801,490198428,1376845137
910,2017/11/15,2.7969999999999997,2.793,2.8080000000000003,2.7880000000000003,538710703,1505444521
911,2017/11/16,2.787,2.822,2.825,2.785,447917055,1257602101
912,2017/11/17,2.8160000000000003,2.878,2.8810000000000002,2.8139999999999996,956776269,2723057023
913,2017/11/20,2.866,2.884,2.884,2.843,621284777,1778111161
914,2017/11/21,2.873,2.932,2.9560000000000004,2.87,838595764,2454631041
915,2017/11/22,2.9410000000000003,2.952,2.978,2.932,677432487,2002279539
916,2017/11/23,2.948,2.8789999999999996,2.9610000000000003,2.8569999999999998,1050009270,3061423992
917,2017/11/24,2.875,2.878,2.892,2.852,617272926,1771682846
918,2017/11/27,2.8710000000000004,2.855,2.877,2.8289999999999997,720731780,2053789717
919,2017/11/28,2.852,2.84,2.853,2.82,518673799,1472221711
920,2017/11/29,2.846,2.8339999999999996,2.858,2.802,412520170,1167154680
921,2017/11/30,2.824,2.802,2.842,2.795,648365854,1825466242
922,2017/12/1,2.804,2.783,2.8110000000000004,2.7769999999999997,473158172,1320220344
923,2017/12/4,2.773,2.802,2.812,2.765,299634198,837777504
924,2017/12/5,2.795,2.8510000000000004,2.863,2.792,910089674,2581142589
925,2017/12/6,2.843,2.815,2.843,2.7880000000000003,475310039,1340233057
926,2017/12/7,2.8139999999999996,2.7889999999999997,2.821,2.7710000000000004,608867023,1699303808
927,2017/12/8,2.784,2.8089999999999997,2.818,2.7769999999999997,498770859,1395786224
928,2017/12/11,2.8089999999999997,2.842,2.843,2.8,394731474,1114818405
929,2017/12/12,2.84,2.7910000000000004,2.845,2.79,401988718,1133773016
930,2017/12/13,2.795,2.8139999999999996,2.822,2.781,554189702,1552969482
931,2017/12/14,2.8139999999999996,2.795,2.822,2.787,465759872,1303628490
932,2017/12/15,2.7880000000000003,2.761,2.793,2.759,461275258,1279876829
933,2017/12/18,2.76,2.773,2.7880000000000003,2.76,465194638,1290558354
934,2017/12/19,2.7739999999999996,2.8139999999999996,2.815,2.773,529194172,1482025037
935,2017/12/20,2.8139999999999996,2.82,2.8289999999999997,2.805,415303272,1169432847
936,2017/12/21,2.8139999999999996,2.8369999999999997,2.8510000000000004,2.804,585691288,1661198953
937,2017/12/22,2.8310000000000004,2.822,2.842,2.818,418260782,1184147248
938,2017/12/25,2.821,2.82,2.8569999999999998,2.81,514283083,1457666986
939,2017/12/26,2.821,2.8369999999999997,2.841,2.81,502552943,1420345129
940,2017/12/27,2.832,2.779,2.8369999999999997,2.772,875279735,2450851505
941,2017/12/28,2.783,2.799,2.8139999999999996,2.7739999999999996,460644617,1288132419
942,2017/12/29,2.802,2.802,2.818,2.793,279548585,783342458
943,2018/1/2,2.8080000000000003,2.85,2.852,2.806,487182656,1383492080
944,2018/1/3,2.852,2.855,2.888,2.8489999999999998,582210165,1668821383
945,2018/1/4,2.8560000000000003,2.862,2.875,2.852,314537252,900344767
946,2018/1/5,2.864,2.8760000000000003,2.8810000000000002,2.859,328402969,942526280
947,2018/1/8,2.87,2.887,2.8939999999999997,2.8680000000000003,318759468,918485934
948,2018/1/9,2.885,2.912,2.912,2.884,315861188,916676148
949,2018/1/10,2.909,2.9360000000000004,2.938,2.9019999999999997,487395476,1423989574
950,2018/1/11,2.93,2.9330000000000003,2.946,2.9210000000000003,329147931,965216953
951,2018/1/12,2.9330000000000003,2.9589999999999996,2.9610000000000003,2.9330000000000003,325106122,957658309
952,2018/1/15,2.9619999999999997,2.984,3.005,2.9589999999999996,596888375,1781827856
953,2018/1/16,2.977,3.0039999999999996,3.005,2.975,479587990,1432989391
954,2018/1/17,3.0039999999999996,3.011,3.0660000000000003,2.9960000000000004,855039579,2590198891
955,2018/1/18,3.03,3.0460000000000003,3.0610000000000004,3.022,624511856,1898899830
956,2018/1/19,3.055,3.052,3.0789999999999997,3.036,783169854,2397934043
957,2018/1/22,3.043,3.068,3.0780000000000003,3.032,620152903,1899510274
958,2018/1/23,3.076,3.111,3.113,3.076,954141414,2953636240
959,2018/1/24,3.122,3.11,3.133,3.085,866514006,2699437535
960,2018/1/25,3.103,3.089,3.109,3.06,655244746,2022418278
961,2018/1/26,3.0839999999999996,3.109,3.133,3.08,609301386,1895127949
962,2018/1/29,3.1189999999999998,3.053,3.1310000000000002,3.043,756250338,2340129048
963,2018/1/30,3.0460000000000003,3.015,3.063,3.012,459043565,1394189793
964,2018/1/31,3.0039999999999996,3.052,3.056,3.002,585162658,1775467538
965,2018/2/1,3.054,3.073,3.075,3.036,714987652,2186595086
966,2018/2/2,3.049,3.0839999999999996,3.0869999999999997,3.016,743695764,2272216717
967,2018/2/5,3.0460000000000003,3.1180000000000003,3.1189999999999998,3.0389999999999997,842909913,2594426926
968,2018/2/6,3.07,3.049,3.085,3.029,1764236443,5384711724
969,2018/2/7,3.0810000000000004,2.964,3.1,2.9539999999999997,1416507380,4266528853
970,2018/2/8,2.9419999999999997,2.8819999999999997,2.957,2.85,1229961323,3578899060
971,2018/2/9,2.795,2.748,2.822,2.66,1885309043,5148844906
972,2018/2/12,2.7460000000000004,2.745,2.767,2.716,798435537,2193227398
973,2018/2/13,2.7739999999999996,2.793,2.8280000000000003,2.773,615535055,1723677927
974,2018/2/14,2.8,2.81,2.8169999999999997,2.782,264810839,741460212
975,2018/2/22,2.85,2.8680000000000003,2.8819999999999997,2.838,370453905,1059208023
976,2018/2/23,2.877,2.897,2.904,2.867,358045722,1032836958
977,2018/2/26,2.912,2.907,2.931,2.87,664122073,1927924081
978,2018/2/27,2.915,2.863,2.918,2.855,651213595,1873449111
979,2018/2/28,2.842,2.815,2.845,2.802,616361621,1741070931
980,2018/3/1,2.7960000000000003,2.8280000000000003,2.847,2.7939999999999996,459458604,1298810206
981,2018/3/2,2.806,2.8,2.8280000000000003,2.7910000000000004,349289315,980550490
982,2018/3/5,2.802,2.799,2.833,2.782,494073759,1385442491
983,2018/3/6,2.819,2.832,2.833,2.775,542728595,1525238009
984,2018/3/7,2.832,2.815,2.86,2.803,706662523,2001643050
985,2018/3/8,2.8169999999999997,2.8369999999999997,2.842,2.804,344941553,975051055
986,2018/3/9,2.844,2.846,2.8560000000000003,2.8289999999999997,424042637,1205019645
987,2018/3/12,2.859,2.8480000000000003,2.866,2.838,534660924,1524123075
988,2018/3/13,2.8489999999999998,2.8169999999999997,2.859,2.813,623159487,1764288853
989,2018/3/14,2.8080000000000003,2.807,2.818,2.7969999999999997,314025041,881510460
990,2018/3/15,2.8,2.8339999999999996,2.835,2.7960000000000003,339352118,958410016
991,2018/3/16,2.835,2.806,2.8480000000000003,2.805,438175497,1239769679
992,2018/3/19,2.807,2.8360000000000003,2.8369999999999997,2.795,426634953,1201754748
993,2018/3/20,2.82,2.839,2.845,2.815,315708220,892921489
994,2018/3/21,2.863,2.8280000000000003,2.867,2.815,447386004,1273673068
995,2018/3/22,2.8289999999999997,2.801,2.842,2.787,455672118,1279916650
996,2018/3/23,2.7260000000000004,2.727,2.74,2.69,670774079,1824960347
997,2018/3/26,2.71,2.681,2.714,2.6489999999999996,628039823,1683043369
998,2018/3/27,2.7110000000000003,2.6860000000000004,2.72,2.6639999999999997,606220980,1631765668
999,2018/3/28,2.657,2.636,2.687,2.6260000000000003,693760987,1838408907
1000,2018/3/29,2.64,2.681,2.699,2.5989999999999998,719596374,1905708016
1001,2018/3/30,2.68,2.66,2.682,2.655,530060308,1414041470
1002,2018/4/2,2.657,2.6489999999999996,2.697,2.6430000000000002,581494947,1550314340
1003,2018/4/3,2.63,2.641,2.655,2.6239999999999997,420853148,1109466828
1004,2018/4/4,2.6489999999999996,2.642,2.6719999999999997,2.636,434478494,1153924587
1005,2018/4/9,2.645,2.658,2.6630000000000003,2.6310000000000002,454601001,1205290004
1006,2018/4/10,2.66,2.721,2.722,2.6519999999999997,712046628,1911887307
1007,2018/4/11,2.721,2.721,2.741,2.707,716485592,1952370825
1008,2018/4/12,2.721,2.6889999999999996,2.7239999999999998,2.687,472182289,1277055672
1009,2018/4/13,2.701,2.6639999999999997,2.71,2.661,447193288,1199489591
1010,2018/4/16,2.655,2.603,2.665,2.5980000000000003,699714245,1834639043
1011,2018/4/17,2.609,2.575,2.6260000000000003,2.571,757488273,1970885394
1012,2018/4/18,2.6060000000000003,2.592,2.61,2.5669999999999997,849709476,2200641845
1013,2018/4/19,2.6,2.6239999999999997,2.636,2.594,559694631,1466478935
1014,2018/4/20,2.613,2.5860000000000003,2.6210000000000004,2.573,747156663,1936764933
1015,2018/4/23,2.574,2.6060000000000003,2.613,2.574,594801800,1545776179
1016,2018/4/24,2.611,2.665,2.679,2.611,1056952697,2805969429
1017,2018/4/25,2.65,2.641,2.659,2.638,587974295,1556493754
1018,2018/4/26,2.6510000000000002,2.603,2.658,2.593,523134832,1370684895
1019,2018/4/27,2.613,2.591,2.616,2.552,842745221,2179340237
1020,2018/5/2,2.6,2.594,2.61,2.5780000000000003,535857780,1390071333
1021,2018/5/3,2.588,2.602,2.614,2.5660000000000003,509077550,1319272213
1022,2018/5/4,2.596,2.583,2.609,2.5810000000000004,433394331,1124222082
1023,2018/5/7,2.591,2.622,2.627,2.577,572195128,1491859998
1024,2018/5/8,2.623,2.661,2.674,2.6210000000000004,796356106,2113864275
1025,2018/5/9,2.659,2.658,2.6639999999999997,2.6439999999999997,355557276,943859483
1026,2018/5/10,2.6630000000000003,2.67,2.681,2.6489999999999996,531937406,1417977081
1027,2018/5/11,2.676,2.6630000000000003,2.68,2.66,418508768,1117242122
1028,2018/5/14,2.6719999999999997,2.6919999999999997,2.7,2.6719999999999997,578869975,1556725463
1029,2018/5/15,2.698,2.687,2.7,2.6689999999999996,404581430,1084784173
1030,2018/5/16,2.679,2.6519999999999997,2.682,2.6489999999999996,692158104,1843251978
1031,2018/5/17,2.658,2.637,2.662,2.636,373386945,988869765
1032,2018/5/18,2.638,2.68,2.681,2.63,666947209,1771701744
1033,2018/5/21,2.697,2.6830000000000003,2.7039999999999997,2.675,685257537,1844031441
1034,2018/5/22,2.6830000000000003,2.6639999999999997,2.6839999999999997,2.647,621186308,1654159201
1035,2018/5/23,2.658,2.62,2.658,2.6180000000000003,802868326,2113780908
1036,2018/5/24,2.6210000000000004,2.603,2.6310000000000002,2.602,341162086,893110906
1037,2018/5/25,2.6060000000000003,2.602,2.623,2.593,368731402,962077764
1038,2018/5/28,2.6060000000000003,2.616,2.628,2.596,545541791,1425988590
1039,2018/5/29,2.614,2.603,2.6189999999999998,2.5839999999999996,538492805,1400824237
1040,2018/5/30,2.58,2.55,2.5810000000000004,2.549,621291534,1595058091
1041,2018/5/31,2.569,2.5989999999999998,2.605,2.5660000000000003,524146223,1354095280
1042,2018/6/1,2.593,2.592,2.6060000000000003,2.5810000000000004,350337019,907807495
1043,2018/6/4,2.605,2.634,2.637,2.596,501990095,1317343680
1044,2018/6/5,2.633,2.6439999999999997,2.65,2.6210000000000004,379187996,999840662
1045,2018/6/6,2.64,2.634,2.6430000000000002,2.63,280434368,739259816
1046,2018/6/7,2.6439999999999997,2.642,2.6639999999999997,2.639,461074805,1221341436
1047,2018/6/8,2.64,2.6,2.64,2.59,456081567,1190246531
1048,2018/6/11,2.594,2.611,2.617,2.5869999999999997,384320343,1000289958
1049,2018/6/12,2.611,2.636,2.6439999999999997,2.6010000000000004,506773908,1330752122
1050,2018/6/13,2.6310000000000002,2.62,2.635,2.615,324505493,852019566
1051,2018/6/14,2.609,2.623,2.6439999999999997,2.609,513593762,1347711515
1052,2018/6/15,2.6239999999999997,2.6260000000000003,2.638,2.616,445614370,1171635382
1053,2018/6/19,2.603,2.5610000000000004,2.61,2.533,884326753,2283778528
1054,2018/6/20,2.551,2.559,2.57,2.5340000000000003,482811830,1233404982
1055,2018/6/21,2.56,2.542,2.59,2.541,626694156,1611735975
1056,2018/6/22,2.535,2.5469999999999997,2.5540000000000003,2.521,524723649,1331163478
1057,2018/6/25,2.556,2.498,2.563,2.496,555937369,1407392107
1058,2018/6/26,2.487,2.471,2.487,2.435,703389846,1734785970
1059,2018/6/27,2.4659999999999997,2.417,2.481,2.403,767607483,1868552495
1060,2018/6/28,2.403,2.3930000000000002,2.432,2.386,477309839,1148721672
1061,2018/6/29,2.403,2.4459999999999997,2.451,2.4,584952704,1420601354
1062,2018/7/2,2.4419999999999997,2.355,2.4419999999999997,2.3409999999999997,803936439,1927517679
1063,2018/7/3,2.365,2.363,2.37,2.305,764719161,1794299172
1064,2018/7/4,2.3569999999999998,2.343,2.376,2.338,436473181,1028244125
1065,2018/7/5,2.343,2.344,2.372,2.325,490218998,1151142241
1066,2018/7/6,2.352,2.378,2.397,2.324,764035217,1808783334
1067,2018/7/9,2.3890000000000002,2.447,2.448,2.388,622914504,1508009103
1068,2018/7/10,2.4459999999999997,2.444,2.452,2.424,424635653,1035850728
1069,2018/7/11,2.397,2.406,2.417,2.3819999999999997,514308235,1235755085
1070,2018/7/12,2.404,2.456,2.474,2.404,550545606,1346598282
1071,2018/7/13,2.464,2.46,2.468,2.449,341424064,839484675
1072,2018/7/16,2.459,2.4419999999999997,2.475,2.43,406047107,992598503
1073,2018/7/17,2.441,2.427,2.443,2.411,429232265,1040571099
1074,2018/7/18,2.4330000000000003,2.415,2.456,2.4130000000000003,573883586,1397269596
1075,2018/7/19,2.426,2.426,2.451,2.415,404553080,983572899
1076,2018/7/20,2.426,2.491,2.503,2.404,925802986,2276190185
1077,2018/7/23,2.478,2.519,2.529,2.476,791549159,1981644976
1078,2018/7/24,2.526,2.559,2.575,2.526,678685664,1737849206
1079,2018/7/25,2.568,2.5580000000000003,2.57,2.5469999999999997,398646868,1019348349
1080,2018/7/26,2.563,2.525,2.574,2.523,386891295,984700356
1081,2018/7/27,2.525,2.525,2.541,2.513,414532737,1047116177
1082,2018/7/30,2.5180000000000002,2.537,2.559,2.515,565184266,1432906028
1083,2018/7/31,2.5340000000000003,2.544,2.555,2.523,486534647,1234773033
1084,2018/8/1,2.556,2.488,2.57,2.484,640574959,1620680737
1085,2018/8/2,2.479,2.436,2.4859999999999998,2.412,735518091,1799665064
1086,2018/8/3,2.436,2.4090000000000003,2.45,2.408,458143756,1114037048
1087,2018/8/6,2.41,2.407,2.445,2.391,622880121,1505697491
1088,2018/8/7,2.414,2.481,2.4819999999999998,2.407,688178072,1681969650
1089,2018/8/8,2.476,2.445,2.481,2.44,514701797,1266377786
1090,2018/8/9,2.438,2.501,2.509,2.435,574128909,1428628901
1091,2018/8/10,2.501,2.501,2.517,2.484,540887598,1352598134
1092,2018/8/13,2.48,2.477,2.489,2.4419999999999997,518963100,1280851450
1093,2018/8/14,2.474,2.469,2.483,2.4530000000000003,409303107,1009904102
1094,2018/8/15,2.467,2.406,2.467,2.401,530739092,1289373593
1095,2018/8/16,2.384,2.405,2.4330000000000003,2.362,752254797,1809777877
1096,2018/8/17,2.427,2.373,2.43,2.367,634737103,1521311297
1097,2018/8/20,2.38,2.41,2.412,2.371,609047157,1457281952
1098,2018/8/21,2.412,2.447,2.461,2.408,748901443,1829181714
1099,2018/8/22,2.46,2.45,2.46,2.435,582554181,1425145025
1100,2018/8/23,2.451,2.46,2.474,2.434,492417011,1210743787
1101,2018/8/24,2.451,2.474,2.496,2.437,469433305,1157069157
1102,2018/8/27,2.485,2.521,2.522,2.481,469640882,1175414969
1103,2018/8/28,2.525,2.51,2.533,2.503,295994242,744864639
1104,2018/8/29,2.5069999999999997,2.503,2.5140000000000002,2.499,240086273,601329629
1105,2018/8/30,2.506,2.484,2.52,2.479,349381607,872319226
1106,2018/8/31,2.461,2.472,2.491,2.454,577065973,1426387351
1107,2018/9/3,2.459,2.463,2.471,2.443,356916140,878201625
1108,2018/9/4,2.465,2.5,2.508,2.45,598829328,1487512798
1109,2018/9/5,2.488,2.439,2.4930000000000003,2.437,628534063,1548682801
1110,2018/9/6,2.436,2.418,2.4530000000000003,2.41,453859236,1104004931
1111,2018/9/7,2.426,2.4419999999999997,2.461,2.418,481513559,1175338288
1112,2018/9/10,2.437,2.418,2.4459999999999997,2.416,558265582,1353494447
1113,2018/9/11,2.416,2.401,2.428,2.392,763216340,1840034079
1114,2018/9/12,2.396,2.385,2.403,2.379,549360133,1312714761
1115,2018/9/13,2.414,2.418,2.423,2.387,733392910,1763511049
1116,2018/9/14,2.421,2.427,2.438,2.412,486976739,1181294349
1117,2018/9/17,2.412,2.404,2.421,2.401,365874424,881489679
1118,2018/9/18,2.396,2.464,2.4659999999999997,2.3930000000000002,638141438,1553404157
1119,2018/9/19,2.458,2.489,2.5069999999999997,2.4530000000000003,1157193802,2875976142
1120,2018/9/20,2.492,2.492,2.505,2.4859999999999998,574272807,1432342704
1121,2018/9/21,2.496,2.5810000000000004,2.5860000000000003,2.491,1277474864,3237850345
1122,2018/9/25,2.55,2.549,2.5610000000000004,2.54,896854224,2289129051
1123,2018/9/26,2.557,2.5869999999999997,2.613,2.556,1275773888,3303371020
1124,2018/9/27,2.5789999999999997,2.577,2.588,2.565,723279811,1863219042
1125,2018/9/28,2.583,2.6069999999999998,2.622,2.583,954370371,2482063284
1126,2018/10/8,2.549,2.484,2.559,2.481,1408724449,3549752821
1127,2018/10/9,2.487,2.495,2.509,2.478,699343493,1744365478
1128,2018/10/10,2.498,2.495,2.519,2.4730000000000003,942070025,2352262291
1129,2018/10/11,2.417,2.392,2.448,2.3680000000000003,1754301763,4237190646
1130,2018/10/12,2.398,2.445,2.456,2.394,1215103650,2944757011
1131,2018/10/15,2.449,2.415,2.45,2.411,725284378,1761238494
1132,2018/10/16,2.418,2.419,2.461,2.405,1049385957,2553136179
1133,2018/10/17,2.45,2.4290000000000003,2.457,2.384,1539514722,3739517266
1134,2018/10/18,2.412,2.372,2.416,2.37,873098876,2089517335
1135,2018/10/19,2.351,2.4419999999999997,2.451,2.347,1435548480,3459759479
1136,2018/10/22,2.481,2.548,2.57,2.4619999999999997,2217074793,5601993715
1137,2018/10/23,2.542,2.4619999999999997,2.548,2.449,1777608326,4447503080
1138,2018/10/24,2.457,2.476,2.529,2.457,1745924580,4342598099
1139,2018/10/25,2.4219999999999997,2.4819999999999998,2.488,2.4130000000000003,1094386673,2680100189
1140,2018/10/26,2.488,2.467,2.5,2.443,933815849,2307347593
1141,2018/10/29,2.461,2.384,2.476,2.374,1331225220,3208841956
1142,2018/10/30,2.377,2.415,2.447,2.375,1423715134,3433249609
1143,2018/10/31,2.424,2.447,2.459,2.41,1151330135,2806521875
1144,2018/11/1,2.471,2.458,2.498,2.4530000000000003,1119076355,2772464245
1145,2018/11/2,2.52,2.543,2.545,2.487,1754189298,4417454630
1146,2018/11/5,2.523,2.508,2.523,2.49,765542855,1919837121
1147,2018/11/6,2.503,2.496,2.508,2.478,741590303,1847724176
1148,2018/11/7,2.5,2.479,2.521,2.475,767422193,1914198097
1149,2018/11/8,2.501,2.488,2.511,2.481,670798353,1673227225
1150,2018/11/9,2.471,2.432,2.471,2.432,1268813239,3107304443
1151,2018/11/12,2.4290000000000003,2.4419999999999997,2.4459999999999997,2.419,775917757,1889158465
1152,2018/11/13,2.4130000000000003,2.46,2.475,2.41,948648217,2315689623
1153,2018/11/14,2.458,2.427,2.459,2.423,686523541,1673788381
1154,2018/11/15,2.427,2.456,2.457,2.426,676872235,1655348237
1155,2018/11/16,2.457,2.458,2.481,2.441,882355187,2173632881
1156,2018/11/19,2.4619999999999997,2.491,2.491,2.4619999999999997,899638461,2230974012
1157,2018/11/20,2.474,2.449,2.483,2.4419999999999997,759889259,1869895570
1158,2018/11/21,2.432,2.448,2.454,2.428,689367315,1684666465
1159,2018/11/22,2.452,2.435,2.455,2.4219999999999997,615693523,1498767907
1160,2018/11/23,2.434,2.394,2.441,2.391,770796857,1859303052
1161,2018/11/26,2.405,2.4019999999999997,2.4219999999999997,2.39,935397790,2248868030
1162,2018/11/27,2.405,2.392,2.414,2.385,808032754,1938288584
1163,2018/11/28,2.392,2.418,2.424,2.392,942128852,2270958157
1164,2018/11/29,2.431,2.405,2.438,2.403,519553623,1258887035
1165,2018/11/30,2.4019999999999997,2.426,2.431,2.4,642856169,1554387434
1166,2018/12/3,2.49,2.4819999999999998,2.494,2.463,742989187,1844693591
1167,2018/12/4,2.4819999999999998,2.49,2.496,2.475,516692455,1284125862
1168,2018/12/5,2.4659999999999997,2.479,2.489,2.464,643724257,1595598317
1169,2018/12/6,2.455,2.4330000000000003,2.46,2.431,1032601649,2520416104
1170,2018/12/7,2.44,2.425,2.443,2.425,701526423,1707456849
1171,2018/12/10,2.412,2.408,2.424,2.398,816643914,1966348639
1172,2018/12/11,2.408,2.4130000000000003,2.417,2.404,718079777,1730496316
1173,2018/12/12,2.428,2.419,2.431,2.412,621019924,1503005768
1174,2018/12/13,2.421,2.4530000000000003,2.464,2.421,895802476,2194111741
1175,2018/12/14,2.445,2.423,2.445,2.4219999999999997,604436766,1469223498
1176,2018/12/17,2.418,2.42,2.428,2.407,959718517,2320703537
1177,2018/12/18,2.408,2.391,2.423,2.386,815781227,1959459228
1178,2018/12/19,2.394,2.365,2.398,2.359,679428965,1616954830
1179,2018/12/20,2.36,2.331,2.369,2.312,888966224,2075575600
1180,2018/12/21,2.322,2.302,2.325,2.283,796032229,1827648110
1181,2018/12/24,2.289,2.3040000000000003,2.31,2.281,819904426,1882592032
1182,2018/12/25,2.283,2.292,2.306,2.251,1670367488,3799465808
1183,2018/12/26,2.289,2.275,2.2969999999999997,2.271,1151572234,2628114094
1184,2018/12/27,2.3040000000000003,2.275,2.309,2.2680000000000002,693608954,1588103576
1185,2018/12/28,2.2769999999999997,2.286,2.303,2.274,950515186,2173070031
1186,2019/1/2,2.291,2.255,2.294,2.246,757076490,1712496852
1187,2019/1/3,2.255,2.261,2.2840000000000003,2.25,623733184,1412693946
1188,2019/1/4,2.248,2.31,2.312,2.246,1094084985,2504025088
1189,2019/1/7,2.32,2.307,2.325,2.299,589783489,1362653387
1190,2019/1/8,2.307,2.3,2.307,2.294,390830538,898453538
1191,2019/1/9,2.313,2.325,2.353,2.311,1027410889,2401047910
1192,2019/1/10,2.325,2.3280000000000003,2.34,2.314,541955927,1261251534
1193,2019/1/11,2.331,2.347,2.355,2.3280000000000003,614010416,1438014466
1194,2019/1/14,2.342,2.325,2.346,2.324,435158841,1014762935
1195,2019/1/15,2.33,2.37,2.372,2.3280000000000003,1155168237,2720673357
1196,2019/1/16,2.3680000000000003,2.374,2.377,2.3569999999999998,477096226,1129702841
1197,2019/1/17,2.378,2.365,2.391,2.362,396594289,942012678
1198,2019/1/18,2.375,2.4090000000000003,2.414,2.373,625110481,1498472809
1199,2019/1/21,2.407,2.424,2.437,2.406,536180315,1300447871
1200,2019/1/22,2.423,2.396,2.423,2.39,618466058,1485736011
1201,2019/1/23,2.3890000000000002,2.392,2.408,2.384,550387686,1318478513
1202,2019/1/24,2.395,2.403,2.407,2.377,548431505,1314224680
1203,2019/1/25,2.412,2.4330000000000003,2.445,2.407,842665198,2049554356
1204,2019/1/28,2.447,2.43,2.465,2.421,463932676,1135339866
1205,2019/1/29,2.426,2.448,2.454,2.417,578963955,1409218099
1206,2019/1/30,2.435,2.437,2.455,2.431,451049530,1101487890
1207,2019/1/31,2.447,2.474,2.478,2.443,706825845,1743023618
1208,2019/2/1,2.49,2.492,2.494,2.469,507108860,1258934267
1209,2019/2/11,2.4819999999999998,2.516,2.5180000000000002,2.475,624269617,1560662785
1210,2019/2/12,2.517,2.524,2.529,2.506,414054900,1042670793
1211,2019/2/13,2.525,2.571,2.5810000000000004,2.519,700800792,1787558222
1212,2019/2/14,2.565,2.5669999999999997,2.5780000000000003,2.557,711301960,1826332218
1213,2019/2/15,2.56,2.511,2.562,2.505,852506753,2159447808
1214,2019/2/18,2.529,2.571,2.573,2.529,1173911571,3002852943
1215,2019/2/19,2.575,2.5669999999999997,2.6039999999999996,2.557,1078871306,2781595168
1216,2019/2/20,2.5810000000000004,2.577,2.588,2.56,491632735,1266630625
1217,2019/2/21,2.575,2.5660000000000003,2.6039999999999996,2.5580000000000003,1024101132,2639159388
1218,2019/2/22,2.562,2.6180000000000003,2.62,2.546,840918533,2166137573
1219,2019/2/25,2.645,2.8160000000000003,2.8289999999999997,2.64,1887359641,5123904640
1220,2019/2/26,2.8,2.728,2.8,2.717,1795176019,4962554885
